num_repeats	tag	closest_gene
12	trip	CNKSR2
11	trip	CNKSR2
12	trip	CNKSR2
12	trip	CNKSR2
14	trip	ARHGAP6
12	trip	ARHGAP6
20	trip	AR
12	trip	CNKSR2
12	trip	CNKSR2
12	trip	CNKSR2
12	trip	CNKSR2
12	trip	CNKSR2
11	trip	CNKSR2
14	trip	ARHGAP6
11	trip	CNKSR2
11	trip	CNKSR2
11	trip	CNKSR2
12	trip	CNKSR2
11	trip	ARHGAP6
16	trip	ARHGAP6
11	trip	ARHGAP6
16	trip	ARHGAP6
16	trip	ARHGAP6
16	trip	ARHGAP6
16	trip	ARHGAP6
11	trip	ARHGAP6
20	trip	AR
20	trip	AR
20	trip	AR
20	trip	AR
11	trip	AR
11	trip	AR
11	trip	AR
12	trip	CNKSR2
10	trip	CNKSR2
12	trip	CNKSR2
11	trip	CNKSR2
12	trip	CNKSR2
11	trip	CNKSR2
11	trip	CNKSR2
11	trip	CNKSR2
11	trip	CNKSR2
12	trip	CNKSR2
16	trip	ARHGAP6
11	trip	ARHGAP6
11	trip	ARHGAP6
11	trip	ARHGAP6
11	trip	AR
12	trip	CNKSR2
12	trip	CNKSR2
12	trip	CNKSR2
12	trip	CNKSR2
14	trip	ARHGAP6
18	trip	ARHGAP6
14	trip	ARHGAP6
18	trip	ARHGAP6
14	trip	ARHGAP6
17	trip	AR
17	trip	AR
17	trip	AR
20	trip	AR
20	trip	AR
20	trip	AR
12	trip	CNKSR2
12	trip	CNKSR2
13	trip	ARHGAP6
14	trip	ARHGAP6
14	trip	ARHGAP6
14	trip	ARHGAP6
14	trip	ARHGAP6
11	trip	ARHGAP6
17	trip	AR
17	trip	AR
17	trip	AR
12	trip	CNKSR2
12	trip	CNKSR2
12	trip	CNKSR2
12	trip	CNKSR2
12	trip	CNKSR2
16	trip	ARHGAP6
16	trip	ARHGAP6
24	trip	AR
24	trip	AR
12	trip	CNKSR2
16	trip	ARHGAP6
24	trip	AR
12	trip	CNKSR2
12	trip	CNKSR2
12	trip	CNKSR2
12	trip	CNKSR2
12	trip	CNKSR2
12	trip	CNKSR2
12	trip	CNKSR2
12	trip	CNKSR2
12	trip	CNKSR2
12	trip	CNKSR2
12	trip	CNKSR2
12	trip	CNKSR2
12	trip	CNKSR2
12	trip	CNKSR2
12	trip	CNKSR2
16	trip	ARHGAP6
16	trip	ARHGAP6
16	trip	ARHGAP6
18	trip	ARHGAP6
17	trip	ARHGAP6
18	trip	ARHGAP6
12	trip	CNKSR2
12	trip	CNKSR2
12	trip	CNKSR2
12	trip	CNKSR2
12	trip	CNKSR2
12	trip	CNKSR2
13	trip	CNKSR2
11	trip	CNKSR2
12	trip	CNKSR2
12	trip	CNKSR2
12	trip	CNKSR2
12	trip	CNKSR2
12	trip	CNKSR2
12	trip	CNKSR2
16	trip	ARHGAP6
16	trip	ARHGAP6
11	trip	ARHGAP6
12	trip	CNKSR2
12	trip	CNKSR2
18	trip	ARHGAP6
12	trip	CNKSR2
12	trip	CNKSR2
12	trip	CNKSR2
12	trip	CNKSR2
12	trip	CNKSR2
12	trip	CNKSR2
12	trip	CNKSR2
12	trip	CNKSR2
12	trip	CNKSR2
12	trip	CNKSR2
12	trip	CNKSR2
12	trip	CNKSR2
12	trip	CNKSR2
16	trip	ARHGAP6
21	trip	AR
21	trip	AR
10	trip	CNKSR2
12	trip	CNKSR2
12	trip	CNKSR2
11	trip	CNKSR2
11	trip	CNKSR2
11	trip	CNKSR2
12	trip	CNKSR2
12	trip	CNKSR2
11	trip	CNKSR2
11	trip	CNKSR2
11	trip	CNKSR2
11	trip	CNKSR2
11	trip	CNKSR2
11	trip	CNKSR2
14	trip	ARHGAP6
18	trip	ARHGAP6
19	trip	ARHGAP6
25	trip	AR
25	trip	AR
25	trip	AR
9	trip	CNKSR2
12	trip	CNKSR2
12	trip	CNKSR2
11	trip	CNKSR2
11	trip	CNKSR2
11	trip	CNKSR2
11	trip	CNKSR2
12	trip	CNKSR2
14	trip	ARHGAP6
12	trip	CNKSR2
11	trip	CNKSR2
12	trip	CNKSR2
11	trip	CNKSR2
12	trip	CNKSR2
12	trip	CNKSR2
16	trip	ARHGAP6
16	trip	ARHGAP6
20	trip	ARHGAP6
16	trip	ARHGAP6
20	trip	ARHGAP6
19	trip	ARHGAP6
11	trip	CNKSR2
11	trip	CNKSR2
12	trip	CNKSR2
11	trip	CNKSR2
12	trip	CNKSR2
12	trip	CNKSR2
12	trip	CNKSR2
12	trip	CNKSR2
12	trip	CNKSR2
12	trip	CNKSR2
7	trip	CNKSR2
12	trip	CNKSR2
15	trip	ARHGAP6
14	trip	ARHGAP6
14	trip	ARHGAP6
24	trip	AR
24	trip	AR
24	trip	AR
7	trip	CNKSR2
7	trip	CNKSR2
7	trip	CNKSR2
11	trip	CNKSR2
12	trip	CNKSR2
18	trip	AR
12	trip	CNKSR2
12	trip	CNKSR2
12	trip	CNKSR2
12	trip	CNKSR2
10	trip	ARHGAP6
17	trip	ARHGAP6
16	trip	AR
16	trip	AR
16	trip	AR
25	trip	AR
12	trip	CNKSR2
12	trip	CNKSR2
12	trip	CNKSR2
12	trip	CNKSR2
12	trip	CNKSR2
12	trip	CNKSR2
12	trip	CNKSR2
15	trip	ARHGAP6
15	trip	ARHGAP6
17	trip	ARHGAP6
17	trip	AR
16	trip	AR
11	trip	CNKSR2
12	trip	CNKSR2
12	trip	CNKSR2
11	trip	CNKSR2
19	trip	AR
19	trip	AR
12	trip	CNKSR2
12	trip	CNKSR2
11	trip	CNKSR2
12	trip	CNKSR2
11	trip	CNKSR2
11	trip	CNKSR2
12	trip	CNKSR2
12	trip	CNKSR2
11	trip	CNKSR2
12	trip	CNKSR2
20	trip	AR
20	trip	AR
19	trip	AR
12	trip	CNKSR2
11	trip	CNKSR2
10	trip	CNKSR2
11	trip	CNKSR2
12	trip	CNKSR2
11	trip	CNKSR2
12	trip	CNKSR2
12	trip	CNKSR2
15	trip	ARHGAP6
12	trip	CNKSR2
12	trip	CNKSR2
11	trip	CNKSR2
11	trip	CNKSR2
11	trip	CNKSR2
15	trip	ARHGAP6
15	trip	ARHGAP6
20	trip	AR
20	trip	AR
20	trip	AR
12	trip	CNKSR2
12	trip	CNKSR2
12	trip	CNKSR2
12	trip	CNKSR2
12	trip	CNKSR2
12	trip	CNKSR2
12	trip	CNKSR2
14	trip	ARHGAP6
16	trip	ARHGAP6
19	trip	AR
19	trip	AR
12	trip	CNKSR2
12	trip	CNKSR2
12	trip	CNKSR2
15	trip	ARHGAP6
16	trip	ARHGAP6
12	trip	CNKSR2
10	trip	CNKSR2
12	trip	CNKSR2
12	trip	CNKSR2
12	trip	CNKSR2
12	trip	CNKSR2
12	trip	CNKSR2
12	trip	CNKSR2
14	trip	ARHGAP6
15	trip	ARHGAP6
14	trip	ARHGAP6
15	trip	ARHGAP6
14	trip	ARHGAP6
14	trip	ARHGAP6
12	trip	CNKSR2
12	trip	CNKSR2
12	trip	CNKSR2
12	trip	CNKSR2
12	trip	CNKSR2
12	trip	CNKSR2
12	trip	CNKSR2
12	trip	CNKSR2
15	trip	ARHGAP6
14	trip	ARHGAP6
15	trip	ARHGAP6
14	trip	ARHGAP6
13	trip	CNKSR2
12	trip	CNKSR2
12	trip	CNKSR2
12	trip	CNKSR2
11	trip	CNKSR2
12	trip	CNKSR2
12	trip	CNKSR2
12	trip	CNKSR2
14	trip	ARHGAP6
14	trip	ARHGAP6
20	trip	AR
21	trip	AR
21	trip	AR
21	trip	AR
21	trip	AR
20	trip	AR
13	trip	CNKSR2
8	trip	CNKSR2
13	trip	CNKSR2
13	trip	CNKSR2
13	trip	CNKSR2
12	trip	CNKSR2
13	trip	CNKSR2
12	trip	CNKSR2
12	trip	CNKSR2
21	trip	AR
12	trip	CNKSR2
12	trip	CNKSR2
12	trip	CNKSR2
12	trip	CNKSR2
12	trip	CNKSR2
12	trip	CNKSR2
12	trip	CNKSR2
15	trip	ARHGAP6
15	trip	ARHGAP6
26	trip	AR
12	trip	CNKSR2
12	trip	CNKSR2
12	trip	CNKSR2
12	trip	CNKSR2
12	trip	CNKSR2
12	trip	CNKSR2
12	trip	CNKSR2
12	trip	CNKSR2
15	trip	ARHGAP6
16	trip	ARHGAP6
12	trip	CNKSR2
12	trip	CNKSR2
12	trip	CNKSR2
12	trip	CNKSR2
12	trip	CNKSR2
12	trip	CNKSR2
12	trip	CNKSR2
12	trip	CNKSR2
12	trip	CNKSR2
12	trip	CNKSR2
12	trip	CNKSR2
11	trip	ARHGAP6
11	trip	ARHGAP6
11	trip	ARHGAP6
26	trip	AR
12	trip	CNKSR2
12	trip	CNKSR2
12	trip	CNKSR2
12	trip	CNKSR2
10	trip	CNKSR2
12	trip	CNKSR2
12	trip	CNKSR2
12	trip	CNKSR2
11	trip	ARHGAP6
10	trip	ARHGAP6
11	trip	ARHGAP6
11	trip	ARHGAP6
13	trip	AR
26	trip	AR
27	trip	AR
27	trip	AR
12	trip	CNKSR2
12	trip	CNKSR2
12	trip	CNKSR2
11	trip	CNKSR2
11	trip	CNKSR2
11	trip	CNKSR2
11	trip	CNKSR2
11	trip	CNKSR2
12	trip	CNKSR2
21	trip	AR
12	trip	CNKSR2
12	trip	CNKSR2
12	trip	CNKSR2
12	trip	CNKSR2
11	trip	CNKSR2
11	trip	CNKSR2
11	trip	CNKSR2
12	trip	CNKSR2
11	trip	CNKSR2
12	trip	CNKSR2
12	trip	CNKSR2
15	trip	ARHGAP6
15	trip	ARHGAP6
10	trip	ARHGAP6
15	trip	ARHGAP6
12	trip	CNKSR2
12	trip	CNKSR2
8	trip	CNKSR2
12	trip	CNKSR2
12	trip	CNKSR2
12	trip	CNKSR2
12	trip	CNKSR2
12	trip	CNKSR2
25	trip	AR
25	trip	AR
24	trip	AR
12	trip	CNKSR2
12	trip	CNKSR2
12	trip	CNKSR2
12	trip	CNKSR2
12	trip	CNKSR2
11	trip	CNKSR2
11	trip	CNKSR2
16	trip	ARHGAP6
16	trip	ARHGAP6
25	trip	AR
12	trip	CNKSR2
12	trip	CNKSR2
12	trip	CNKSR2
12	trip	CNKSR2
12	trip	CNKSR2
12	trip	CNKSR2
12	trip	CNKSR2
12	trip	CNKSR2
11	trip	CNKSR2
12	trip	CNKSR2
15	trip	ARHGAP6
16	trip	ARHGAP6
16	trip	ARHGAP6
20	trip	AR
21	trip	AR
21	trip	AR
12	trip	CNKSR2
12	trip	CNKSR2
12	trip	CNKSR2
11	trip	CNKSR2
12	trip	CNKSR2
12	trip	CNKSR2
12	trip	CNKSR2
12	trip	CNKSR2
12	trip	CNKSR2
12	trip	CNKSR2
12	trip	CNKSR2
12	trip	ARHGAP6
12	trip	ARHGAP6
12	trip	CNKSR2
12	trip	CNKSR2
12	trip	CNKSR2
12	trip	CNKSR2
21	trip	AR
21	trip	AR
21	trip	AR
21	trip	AR
21	trip	AR
21	trip	AR
21	trip	AR
21	trip	AR
11	trip	CNKSR2
12	trip	CNKSR2
11	trip	CNKSR2
12	trip	CNKSR2
12	trip	CNKSR2
12	trip	CNKSR2
12	trip	CNKSR2
12	trip	CNKSR2
12	trip	CNKSR2
12	trip	CNKSR2
12	trip	CNKSR2
12	trip	CNKSR2
12	trip	CNKSR2
12	trip	CNKSR2
12	trip	CNKSR2
12	trip	CNKSR2
12	trip	CNKSR2
12	trip	CNKSR2
18	trip	ARHGAP6
12	trip	CNKSR2
12	trip	CNKSR2
12	trip	CNKSR2
12	trip	CNKSR2
12	trip	CNKSR2
19	trip	ARHGAP6
17	trip	ARHGAP6
12	trip	CNKSR2
11	trip	CNKSR2
11	trip	CNKSR2
18	trip	ARHGAP6
18	trip	AR
8	trip	AR
22	trip	AR
12	trip	CNKSR2
12	trip	CNKSR2
12	trip	CNKSR2
12	trip	CNKSR2
12	trip	CNKSR2
12	trip	CNKSR2
12	trip	CNKSR2
12	trip	CNKSR2
12	trip	CNKSR2
12	trip	CNKSR2
12	trip	CNKSR2
11	trip	CNKSR2
12	trip	CNKSR2
11	trip	CNKSR2
11	trip	CNKSR2
17	trip	AR
11	trip	CNKSR2
11	trip	CNKSR2
11	trip	CNKSR2
12	trip	CNKSR2
12	trip	CNKSR2
10	trip	CNKSR2
16	trip	ARHGAP6
16	trip	AR
15	trip	CNKSR2
15	trip	CNKSR2
16	trip	CNKSR2
9	trip	CNKSR2
12	trip	CNKSR2
12	trip	CNKSR2
12	trip	CNKSR2
16	trip	CNKSR2
14	trip	ARHGAP6
18	trip	ARHGAP6
18	trip	ARHGAP6
14	trip	ARHGAP6
14	trip	ARHGAP6
12	trip	CNKSR2
12	trip	CNKSR2
12	trip	CNKSR2
12	trip	CNKSR2
12	trip	CNKSR2
12	trip	CNKSR2
12	trip	CNKSR2
12	trip	CNKSR2
13	trip	CNKSR2
12	trip	CNKSR2
12	trip	CNKSR2
12	trip	CNKSR2
15	trip	ARHGAP6
15	trip	ARHGAP6
15	trip	ARHGAP6
15	trip	ARHGAP6
15	trip	ARHGAP6
15	trip	ARHGAP6
15	trip	ARHGAP6
15	trip	ARHGAP6
12	trip	CNKSR2
12	trip	CNKSR2
12	trip	CNKSR2
11	trip	CNKSR2
12	trip	CNKSR2
14	trip	ARHGAP6
15	trip	ARHGAP6
14	trip	ARHGAP6
15	trip	ARHGAP6
15	trip	ARHGAP6
23	trip	AR
12	trip	CNKSR2
12	trip	CNKSR2
11	trip	CNKSR2
12	trip	CNKSR2
11	trip	CNKSR2
12	trip	CNKSR2
11	trip	CNKSR2
12	trip	CNKSR2
17	trip	ARHGAP6
17	trip	ARHGAP6
13	trip	ARHGAP6
12	trip	ARHGAP6
17	trip	AR
17	trip	AR
11	trip	CNKSR2
12	trip	CNKSR2
11	trip	CNKSR2
11	trip	CNKSR2
11	trip	CNKSR2
12	trip	CNKSR2
11	trip	CNKSR2
11	trip	CNKSR2
11	trip	CNKSR2
14	trip	ARHGAP6
13	trip	ARHGAP6
14	trip	ARHGAP6
14	trip	ARHGAP6
15	trip	AR
12	trip	CNKSR2
12	trip	CNKSR2
12	trip	CNKSR2
12	trip	CNKSR2
12	trip	CNKSR2
12	trip	CNKSR2
12	trip	CNKSR2
12	trip	CNKSR2
17	trip	ARHGAP6
11	trip	ARHGAP6
11	trip	ARHGAP6
20	trip	AR
12	trip	CNKSR2
12	trip	CNKSR2
12	trip	CNKSR2
12	trip	CNKSR2
11	trip	ARHGAP6
11	trip	ARHGAP6
11	trip	ARHGAP6
11	trip	CNKSR2
11	trip	CNKSR2
15	trip	ARHGAP6
15	trip	ARHGAP6
15	trip	ARHGAP6
21	trip	AR
21	trip	AR
21	trip	AR
21	trip	AR
21	trip	AR
11	trip	CNKSR2
12	trip	CNKSR2
11	trip	CNKSR2
15	trip	ARHGAP6
15	trip	ARHGAP6
25	trip	AR
11	trip	CNKSR2
11	trip	CNKSR2
21	trip	AR
13	trip	CNKSR2
11	trip	CNKSR2
16	trip	ARHGAP6
26	trip	AR
12	trip	CNKSR2
11	trip	CNKSR2
12	trip	CNKSR2
12	trip	CNKSR2
11	trip	CNKSR2
11	trip	ARHGAP6
17	trip	ARHGAP6
12	trip	CNKSR2
11	trip	CNKSR2
11	trip	CNKSR2
11	trip	CNKSR2
12	trip	CNKSR2
11	trip	CNKSR2
17	trip	ARHGAP6
25	trip	AR
12	trip	CNKSR2
12	trip	CNKSR2
12	trip	CNKSR2
12	trip	CNKSR2
13	trip	CNKSR2
12	trip	CNKSR2
12	trip	CNKSR2
13	trip	CNKSR2
15	trip	ARHGAP6
16	trip	ARHGAP6
16	trip	ARHGAP6
15	trip	ARHGAP6
25	trip	AR
25	trip	AR
21	trip	AR
21	trip	AR
25	trip	AR
13	trip	CNKSR2
13	trip	CNKSR2
8	trip	CNKSR2
13	trip	CNKSR2
13	trip	CNKSR2
13	trip	CNKSR2
12	trip	CNKSR2
15	trip	ARHGAP6
15	trip	ARHGAP6
21	trip	AR
12	trip	CNKSR2
12	trip	CNKSR2
12	trip	CNKSR2
12	trip	CNKSR2
12	trip	CNKSR2
12	trip	CNKSR2
17	trip	ARHGAP6
17	trip	ARHGAP6
19	trip	AR
27	trip	AR
27	trip	AR
27	trip	AR
19	trip	AR
8	trip	AR
12	trip	CNKSR2
12	trip	CNKSR2
12	trip	CNKSR2
12	trip	CNKSR2
12	trip	CNKSR2
12	trip	CNKSR2
12	trip	CNKSR2
12	trip	CNKSR2
12	trip	CNKSR2
7	trip	AR
24	trip	AR
11	trip	CNKSR2
11	trip	CNKSR2
11	trip	CNKSR2
11	trip	CNKSR2
11	trip	CNKSR2
14	trip	ARHGAP6
11	trip	ARHGAP6
14	trip	ARHGAP6
11	trip	ARHGAP6
14	trip	ARHGAP6
14	trip	ARHGAP6
14	trip	ARHGAP6
16	trip	AR
16	trip	AR
11	trip	CNKSR2
11	trip	CNKSR2
11	trip	CNKSR2
11	trip	CNKSR2
11	trip	CNKSR2
11	trip	CNKSR2
14	trip	ARHGAP6
11	trip	ARHGAP6
11	trip	ARHGAP6
16	trip	AR
16	trip	AR
16	trip	AR
12	trip	CNKSR2
12	trip	CNKSR2
12	trip	CNKSR2
12	trip	CNKSR2
12	trip	CNKSR2
12	trip	CNKSR2
12	trip	CNKSR2
12	trip	CNKSR2
12	trip	CNKSR2
11	trip	CNKSR2
12	trip	CNKSR2
12	trip	CNKSR2
12	trip	ARHGAP6
12	trip	CNKSR2
12	trip	CNKSR2
12	trip	CNKSR2
12	trip	CNKSR2
12	trip	CNKSR2
12	trip	CNKSR2
12	trip	CNKSR2
12	trip	CNKSR2
12	trip	CNKSR2
12	trip	CNKSR2
12	trip	CNKSR2
12	trip	CNKSR2
12	trip	CNKSR2
12	trip	CNKSR2
12	trip	CNKSR2
12	trip	CNKSR2
12	trip	CNKSR2
12	trip	CNKSR2
12	trip	CNKSR2
12	trip	CNKSR2
12	trip	CNKSR2
12	trip	CNKSR2
12	trip	CNKSR2
11	trip	CNKSR2
11	trip	CNKSR2
11	trip	CNKSR2
11	trip	CNKSR2
11	trip	CNKSR2
20	trip	AR
11	trip	CNKSR2
11	trip	CNKSR2
11	trip	CNKSR2
11	trip	CNKSR2
11	trip	CNKSR2
10	trip	CNKSR2
10	trip	CNKSR2
10	trip	CNKSR2
11	trip	CNKSR2
11	trip	CNKSR2
11	trip	CNKSR2
10	trip	CNKSR2
11	trip	CNKSR2
14	trip	ARHGAP6
15	trip	ARHGAP6
14	trip	ARHGAP6
13	trip	ARHGAP6
14	trip	ARHGAP6
14	trip	ARHGAP6
10	trip	CNKSR2
10	trip	CNKSR2
10	trip	CNKSR2
10	trip	CNKSR2
10	trip	CNKSR2
14	trip	ARHGAP6
15	trip	ARHGAP6
11	trip	CNKSR2
11	trip	CNKSR2
11	trip	CNKSR2
11	trip	CNKSR2
11	trip	CNKSR2
11	trip	CNKSR2
11	trip	CNKSR2
11	trip	CNKSR2
11	trip	CNKSR2
11	trip	CNKSR2
11	trip	CNKSR2
11	trip	CNKSR2
11	trip	CNKSR2
11	trip	CNKSR2
15	trip	ARHGAP6
15	trip	ARHGAP6
15	trip	ARHGAP6
15	trip	ARHGAP6
11	trip	CNKSR2
11	trip	CNKSR2
11	trip	CNKSR2
11	trip	CNKSR2
11	trip	CNKSR2
11	trip	CNKSR2
11	trip	CNKSR2
11	trip	CNKSR2
10	trip	AR
12	trip	CNKSR2
12	trip	CNKSR2
10	trip	CNKSR2
12	trip	CNKSR2
12	trip	CNKSR2
12	trip	CNKSR2
12	trip	CNKSR2
12	trip	CNKSR2
12	trip	CNKSR2
12	trip	CNKSR2
12	trip	CNKSR2
15	trip	ARHGAP6
14	trip	ARHGAP6
13	trip	ARHGAP6
14	trip	ARHGAP6
15	trip	ARHGAP6
18	trip	AR
24	trip	AR
17	trip	AR
18	trip	AR
12	trip	CNKSR2
12	trip	CNKSR2
12	trip	CNKSR2
12	trip	CNKSR2
12	trip	CNKSR2
12	trip	CNKSR2
12	trip	CNKSR2
12	trip	CNKSR2
12	trip	CNKSR2
12	trip	CNKSR2
14	trip	ARHGAP6
14	trip	ARHGAP6
14	trip	ARHGAP6
10	trip	ARHGAP6
12	trip	CNKSR2
12	trip	CNKSR2
12	trip	CNKSR2
12	trip	CNKSR2
12	trip	CNKSR2
16	trip	ARHGAP6
13	trip	ARHGAP6
14	trip	ARHGAP6
16	trip	ARHGAP6
21	trip	AR
21	trip	AR
21	trip	AR
21	trip	AR
19	trip	AR
19	trip	AR
12	trip	CNKSR2
12	trip	CNKSR2
12	trip	CNKSR2
12	trip	CNKSR2
12	trip	CNKSR2
12	trip	CNKSR2
12	trip	CNKSR2
12	trip	CNKSR2
12	trip	CNKSR2
16	trip	ARHGAP6
15	trip	ARHGAP6
15	trip	ARHGAP6
15	trip	ARHGAP6
11	trip	CNKSR2
11	trip	CNKSR2
15	trip	CNKSR2
15	trip	CNKSR2
15	trip	CNKSR2
15	trip	CNKSR2
11	trip	CNKSR2
15	trip	CNKSR2
15	trip	CNKSR2
17	trip	ARHGAP6
17	trip	ARHGAP6
19	trip	ARHGAP6
20	trip	ARHGAP6
14	trip	ARHGAP6
18	trip	AR
22	trip	AR
15	trip	CNKSR2
15	trip	CNKSR2
15	trip	CNKSR2
15	trip	CNKSR2
15	trip	CNKSR2
14	trip	CNKSR2
12	trip	CNKSR2
14	trip	CNKSR2
13	trip	CNKSR2
14	trip	CNKSR2
14	trip	CNKSR2
14	trip	ARHGAP6
11	trip	CNKSR2
11	trip	CNKSR2
12	trip	CNKSR2
12	trip	CNKSR2
12	trip	CNKSR2
17	trip	ARHGAP6
21	trip	AR
11	trip	CNKSR2
11	trip	CNKSR2
12	trip	CNKSR2
11	trip	CNKSR2
11	trip	CNKSR2
11	trip	CNKSR2
14	trip	ARHGAP6
16	trip	AR
16	trip	AR
12	trip	CNKSR2
12	trip	CNKSR2
12	trip	CNKSR2
12	trip	CNKSR2
12	trip	CNKSR2
15	trip	ARHGAP6
15	trip	ARHGAP6
15	trip	ARHGAP6
22	trip	AR
12	trip	CNKSR2
9	trip	CNKSR2
12	trip	CNKSR2
15	trip	ARHGAP6
23	trip	AR
12	trip	CNKSR2
12	trip	CNKSR2
12	trip	CNKSR2
12	trip	CNKSR2
12	trip	CNKSR2
12	trip	CNKSR2
12	trip	CNKSR2
14	trip	ARHGAP6
23	trip	AR
24	trip	AR
24	trip	AR
24	trip	AR
24	trip	AR
24	trip	AR
10	trip	CNKSR2
12	trip	CNKSR2
12	trip	CNKSR2
11	trip	CNKSR2
11	trip	CNKSR2
11	trip	CNKSR2
11	trip	CNKSR2
12	trip	CNKSR2
11	trip	CNKSR2
11	trip	CNKSR2
15	trip	ARHGAP6
16	trip	ARHGAP6
15	trip	ARHGAP6
15	trip	ARHGAP6
18	trip	AR
25	trip	AR
19	trip	AR
19	trip	AR
19	trip	AR
25	trip	AR
11	trip	CNKSR2
11	trip	CNKSR2
11	trip	CNKSR2
11	trip	CNKSR2
12	trip	CNKSR2
12	trip	CNKSR2
12	trip	CNKSR2
12	trip	CNKSR2
11	trip	CNKSR2
16	trip	ARHGAP6
10	quad	TCAC1
10	quad	TCAC1
10	quad	TCAC1
10	quad	TCAC1
10	quad	TCAC1
10	quad	TCAC1
10	quad	TCAC1
10	quad	TCAC1
9	quad	TCAC1
10	quad	TCAC1
10	quad	TCAC1
10	quad	TCAC1
10	quad	TCAC1
12	quad	ZIC3
12	quad	ZIC3
12	quad	ZIC3
13	quad	RP2
13	quad	RP2
13	quad	RP2
13	quad	RP2
17	quad	RP2
13	quad	RP2
10	quad	TCAC1
10	quad	TCAC1
10	quad	TCAC1
10	quad	TCAC1
10	quad	TCAC1
12	quad	ZIC3
12	quad	ZIC3
12	quad	ZIC3
12	quad	ZIC3
12	quad	ZIC3
10	quad	ZIC3
15	quad	RP2
11	quad	TCAC1
12	quad	TCAC1
11	quad	TCAC1
10	quad	TCAC1
9	quad	TCAC1
11	quad	TCAC1
11	quad	ZIC3
11	quad	ZIC3
12	quad	ZIC3
11	quad	ZIC3
14	quad	RP2
15	quad	RP2
15	quad	RP2
15	quad	RP2
10	quad	TCAC1
10	quad	TCAC1
11	quad	TCAC1
7	quad	TCAC1
10	quad	TCAC1
11	quad	TCAC1
11	quad	TCAC1
10	quad	TCAC1
10	quad	TCAC1
10	quad	TCAC1
10	quad	TCAC1
10	quad	TCAC1
10	quad	TCAC1
10	quad	TCAC1
12	quad	ZIC3
15	quad	RP2
15	quad	RP2
11	quad	TCAC1
11	quad	TCAC1
11	quad	TCAC1
10	quad	TCAC1
10	quad	TCAC1
10	quad	TCAC1
10	quad	TCAC1
11	quad	TCAC1
10	quad	TCAC1
10	quad	TCAC1
12	quad	ZIC3
12	quad	ZIC3
11	quad	ZIC3
11	quad	ZIC3
11	quad	ZIC3
11	quad	ZIC3
11	quad	RP2
15	quad	RP2
15	quad	RP2
15	quad	RP2
10	quad	TCAC1
11	quad	TCAC1
11	quad	TCAC1
11	quad	TCAC1
10	quad	TCAC1
11	quad	TCAC1
11	quad	TCAC1
10	quad	TCAC1
10	quad	TCAC1
11	quad	TCAC1
11	quad	TCAC1
11	quad	TCAC1
11	quad	ZIC3
11	quad	ZIC3
11	quad	ZIC3
11	quad	ZIC3
12	quad	ZIC3
12	quad	ZIC3
11	quad	ZIC3
10	quad	TCAC1
10	quad	ZIC3
10	quad	ZIC3
10	quad	ZIC3
16	quad	RP2
16	quad	RP2
10	quad	TCAC1
10	quad	TCAC1
10	quad	ZIC3
10	quad	ZIC3
10	quad	ZIC3
14	quad	RP2
14	quad	RP2
15	quad	RP2
14	quad	RP2
11	quad	TCAC1
11	quad	TCAC1
11	quad	TCAC1
11	quad	TCAC1
11	quad	TCAC1
11	quad	TCAC1
11	quad	TCAC1
11	quad	TCAC1
11	quad	TCAC1
11	quad	TCAC1
11	quad	TCAC1
11	quad	ZIC3
11	quad	ZIC3
11	quad	ZIC3
11	quad	ZIC3
14	quad	RP2
14	quad	RP2
15	quad	RP2
11	quad	TCAC1
11	quad	TCAC1
11	quad	TCAC1
11	quad	TCAC1
11	quad	TCAC1
11	quad	TCAC1
11	quad	TCAC1
11	quad	TCAC1
11	quad	ZIC3
11	quad	ZIC3
11	quad	ZIC3
11	quad	ZIC3
15	quad	RP2
15	quad	RP2
15	quad	RP2
15	quad	RP2
15	quad	RP2
15	quad	RP2
11	quad	TCAC1
11	quad	TCAC1
10	quad	TCAC1
10	quad	TCAC1
10	quad	TCAC1
10	quad	TCAC1
11	quad	TCAC1
11	quad	TCAC1
11	quad	TCAC1
11	quad	TCAC1
11	quad	TCAC1
11	quad	TCAC1
9	quad	ZIC3
10	quad	ZIC3
15	quad	RP2
15	quad	RP2
11	quad	TCAC1
11	quad	TCAC1
11	quad	TCAC1
11	quad	TCAC1
10	quad	TCAC1
10	quad	TCAC1
11	quad	TCAC1
9	quad	ZIC3
9	quad	ZIC3
9	quad	ZIC3
9	quad	ZIC3
9	quad	ZIC3
9	quad	ZIC3
7	quad	ZIC3
10	quad	ZIC3
9	quad	ZIC3
11	quad	TCAC1
11	quad	TCAC1
11	quad	TCAC1
11	quad	TCAC1
11	quad	TCAC1
11	quad	TCAC1
11	quad	TCAC1
11	quad	ZIC3
11	quad	ZIC3
11	quad	ZIC3
11	quad	ZIC3
9	quad	RP2
9	quad	RP2
9	quad	RP2
13	quad	RP2
11	quad	TCAC1
11	quad	TCAC1
11	quad	TCAC1
11	quad	TCAC1
11	quad	TCAC1
11	quad	TCAC1
11	quad	TCAC1
11	quad	TCAC1
11	quad	TCAC1
11	quad	TCAC1
11	quad	ZIC3
11	quad	ZIC3
11	quad	ZIC3
15	quad	RP2
10	quad	TCAC1
11	quad	TCAC1
11	quad	TCAC1
12	quad	TCAC1
10	quad	TCAC1
11	quad	TCAC1
11	quad	ZIC3
11	quad	ZIC3
11	quad	ZIC3
11	quad	ZIC3
13	quad	ZIC3
13	quad	ZIC3
13	quad	ZIC3
13	quad	ZIC3
15	quad	RP2
15	quad	RP2
10	quad	TCAC1
10	quad	TCAC1
10	quad	TCAC1
10	quad	TCAC1
10	quad	TCAC1
10	quad	TCAC1
11	quad	TCAC1
11	quad	TCAC1
11	quad	TCAC1
11	quad	TCAC1
11	quad	ZIC3
11	quad	ZIC3
13	quad	ZIC3
13	quad	ZIC3
11	quad	ZIC3
11	quad	ZIC3
16	quad	RP2
15	quad	RP2
15	quad	RP2
9	quad	TCAC1
9	quad	TCAC1
9	quad	TCAC1
11	quad	TCAC1
9	quad	TCAC1
11	quad	TCAC1
9	quad	TCAC1
9	quad	TCAC1
9	quad	TCAC1
11	quad	TCAC1
11	quad	TCAC1
9	quad	TCAC1
15	quad	RP2
15	quad	RP2
15	quad	RP2
15	quad	RP2
16	quad	RP2
11	quad	TCAC1
11	quad	TCAC1
10	quad	ZIC3
11	quad	ZIC3
13	quad	RP2
14	quad	RP2
10	quad	TCAC1
10	quad	TCAC1
10	quad	TCAC1
10	quad	TCAC1
10	quad	TCAC1
11	quad	TCAC1
11	quad	TCAC1
11	quad	TCAC1
11	quad	TCAC1
11	quad	TCAC1
10	quad	TCAC1
10	quad	TCAC1
11	quad	ZIC3
11	quad	ZIC3
11	quad	ZIC3
11	quad	ZIC3
13	quad	RP2
13	quad	RP2
11	quad	RP2
11	quad	TCAC1
7	quad	TCAC1
11	quad	TCAC1
11	quad	TCAC1
11	quad	TCAC1
11	quad	TCAC1
11	quad	TCAC1
11	quad	TCAC1
11	quad	TCAC1
11	quad	ZIC3
11	quad	ZIC3
15	quad	RP2
11	quad	RP2
15	quad	RP2
10	quad	TCAC1
10	quad	TCAC1
10	quad	TCAC1
10	quad	TCAC1
10	quad	TCAC1
10	quad	TCAC1
10	quad	TCAC1
10	quad	TCAC1
10	quad	TCAC1
10	quad	TCAC1
10	quad	TCAC1
10	quad	TCAC1
10	quad	TCAC1
10	quad	TCAC1
9	quad	TCAC1
9	quad	TCAC1
11	quad	ZIC3
11	quad	ZIC3
11	quad	ZIC3
11	quad	ZIC3
10	quad	ZIC3
15	quad	RP2
11	quad	RP2
15	quad	RP2
10	quad	TCAC1
10	quad	TCAC1
10	quad	TCAC1
10	quad	TCAC1
7	quad	TCAC1
10	quad	ZIC3
10	quad	ZIC3
10	quad	ZIC3
11	quad	ZIC3
10	quad	ZIC3
10	quad	ZIC3
10	quad	ZIC3
10	quad	ZIC3
10	quad	ZIC3
11	quad	RP2
11	quad	RP2
11	quad	RP2
11	quad	TCAC1
11	quad	TCAC1
11	quad	TCAC1
12	quad	ZIC3
11	quad	ZIC3
11	quad	ZIC3
12	quad	ZIC3
12	quad	ZIC3
12	quad	RP2
13	quad	RP2
12	quad	RP2
12	quad	RP2
11	quad	TCAC1
11	quad	TCAC1
11	quad	TCAC1
11	quad	TCAC1
11	quad	TCAC1
11	quad	TCAC1
11	quad	ZIC3
11	quad	RP2
11	quad	RP2
11	quad	RP2
8	quad	RP2
14	quad	RP2
11	quad	TCAC1
11	quad	TCAC1
11	quad	TCAC1
11	quad	TCAC1
11	quad	TCAC1
11	quad	TCAC1
11	quad	TCAC1
10	quad	ZIC3
10	quad	ZIC3
12	quad	ZIC3
8	quad	ZIC3
14	quad	RP2
14	quad	RP2
14	quad	RP2
11	quad	TCAC1
10	quad	TCAC1
10	quad	TCAC1
11	quad	TCAC1
11	quad	TCAC1
7	quad	TCAC1
11	quad	TCAC1
10	quad	ZIC3
10	quad	ZIC3
10	quad	ZIC3
10	quad	ZIC3
12	quad	ZIC3
10	quad	ZIC3
16	quad	RP2
16	quad	RP2
16	quad	RP2
13	quad	RP2
13	quad	RP2
11	quad	TCAC1
11	quad	TCAC1
9	quad	TCAC1
9	quad	TCAC1
9	quad	TCAC1
11	quad	TCAC1
11	quad	TCAC1
9	quad	TCAC1
11	quad	TCAC1
11	quad	TCAC1
9	quad	TCAC1
12	quad	ZIC3
12	quad	ZIC3
12	quad	ZIC3
12	quad	ZIC3
12	quad	ZIC3
12	quad	ZIC3
12	quad	ZIC3
13	quad	RP2
13	quad	RP2
13	quad	RP2
13	quad	RP2
13	quad	RP2
16	quad	RP2
16	quad	RP2
13	quad	RP2
11	quad	TCAC1
9	quad	TCAC1
9	quad	TCAC1
9	quad	TCAC1
9	quad	TCAC1
9	quad	TCAC1
11	quad	TCAC1
9	quad	TCAC1
12	quad	ZIC3
12	quad	ZIC3
12	quad	ZIC3
12	quad	ZIC3
12	quad	ZIC3
12	quad	ZIC3
13	quad	ZIC3
12	quad	ZIC3
12	quad	ZIC3
15	quad	RP2
15	quad	RP2
15	quad	RP2
15	quad	RP2
10	quad	TCAC1
10	quad	TCAC1
7	quad	TCAC1
7	quad	TCAC1
10	quad	TCAC1
11	quad	ZIC3
11	quad	ZIC3
13	quad	ZIC3
11	quad	ZIC3
13	quad	ZIC3
11	quad	ZIC3
11	quad	ZIC3
15	quad	RP2
10	quad	TCAC1
13	quad	ZIC3
13	quad	ZIC3
11	quad	ZIC3
11	quad	ZIC3
11	quad	ZIC3
13	quad	ZIC3
13	quad	ZIC3
11	quad	ZIC3
12	quad	RP2
10	quad	TCAC1
10	quad	TCAC1
10	quad	TCAC1
10	quad	TCAC1
10	quad	TCAC1
10	quad	TCAC1
10	quad	TCAC1
12	quad	ZIC3
12	quad	ZIC3
12	quad	ZIC3
12	quad	ZIC3
12	quad	ZIC3
12	quad	RP2
12	quad	RP2
15	quad	RP2
10	quad	TCAC1
10	quad	TCAC1
10	quad	TCAC1
10	quad	TCAC1
10	quad	TCAC1
10	quad	TCAC1
10	quad	TCAC1
11	quad	ZIC3
11	quad	ZIC3
11	quad	ZIC3
11	quad	ZIC3
12	quad	ZIC3
16	quad	RP2
16	quad	RP2
12	quad	RP2
11	quad	TCAC1
10	quad	TCAC1
10	quad	TCAC1
11	quad	TCAC1
11	quad	TCAC1
10	quad	ZIC3
10	quad	ZIC3
11	quad	ZIC3
10	quad	ZIC3
11	quad	ZIC3
10	quad	ZIC3
10	quad	ZIC3
10	quad	ZIC3
10	quad	ZIC3
12	quad	RP2
16	quad	RP2
10	quad	TCAC1
10	quad	TCAC1
11	quad	TCAC1
11	quad	TCAC1
11	quad	ZIC3
10	quad	ZIC3
11	quad	ZIC3
10	quad	ZIC3
10	quad	ZIC3
10	quad	ZIC3
11	quad	ZIC3
12	quad	ZIC3
11	quad	ZIC3
11	quad	ZIC3
12	quad	RP2
12	quad	RP2
10	quad	TCAC1
10	quad	TCAC1
12	quad	TCAC1
10	quad	TCAC1
10	quad	TCAC1
12	quad	TCAC1
12	quad	TCAC1
9	quad	ZIC3
9	quad	ZIC3
9	quad	ZIC3
10	quad	ZIC3
10	quad	ZIC3
12	quad	RP2
13	quad	RP2
12	quad	RP2
12	quad	RP2
8	quad	RP2
13	quad	RP2
12	quad	TCAC1
10	quad	TCAC1
12	quad	TCAC1
10	quad	TCAC1
9	quad	ZIC3
10	quad	ZIC3
10	quad	ZIC3
9	quad	ZIC3
13	quad	RP2
12	quad	RP2
12	quad	RP2
12	quad	RP2
12	quad	RP2
13	quad	RP2
9	quad	TCAC1
9	quad	TCAC1
11	quad	TCAC1
9	quad	TCAC1
9	quad	TCAC1
9	quad	TCAC1
11	quad	TCAC1
9	quad	TCAC1
9	quad	TCAC1
11	quad	ZIC3
11	quad	ZIC3
12	quad	ZIC3
12	quad	ZIC3
12	quad	ZIC3
11	quad	ZIC3
12	quad	RP2
12	quad	RP2
13	quad	RP2
9	quad	TCAC1
11	quad	TCAC1
9	quad	TCAC1
10	quad	TCAC1
11	quad	TCAC1
9	quad	TCAC1
7	quad	TCAC1
11	quad	TCAC1
9	quad	TCAC1
11	quad	ZIC3
11	quad	ZIC3
11	quad	ZIC3
12	quad	ZIC3
12	quad	ZIC3
11	quad	ZIC3
12	quad	ZIC3
15	quad	RP2
11	quad	TCAC1
11	quad	TCAC1
11	quad	TCAC1
11	quad	TCAC1
11	quad	TCAC1
11	quad	TCAC1
11	quad	TCAC1
11	quad	ZIC3
11	quad	ZIC3
11	quad	ZIC3
11	quad	ZIC3
11	quad	ZIC3
11	quad	ZIC3
15	quad	RP2
15	quad	RP2
15	quad	RP2
15	quad	RP2
15	quad	RP2
11	quad	TCAC1
11	quad	TCAC1
11	quad	TCAC1
11	quad	TCAC1
11	quad	TCAC1
11	quad	TCAC1
11	quad	TCAC1
11	quad	ZIC3
11	quad	ZIC3
11	quad	ZIC3
11	quad	ZIC3
12	quad	RP2
12	quad	RP2
12	quad	RP2
9	quad	RP2
12	quad	RP2
12	quad	RP2
10	quad	TCAC1
10	quad	TCAC1
10	quad	TCAC1
11	quad	TCAC1
11	quad	TCAC1
11	quad	ZIC3
11	quad	ZIC3
11	quad	ZIC3
11	quad	ZIC3
11	quad	ZIC3
11	quad	ZIC3
11	quad	ZIC3
11	quad	ZIC3
11	quad	ZIC3
11	quad	ZIC3
11	quad	ZIC3
14	quad	RP2
12	quad	RP2
14	quad	RP2
14	quad	RP2
10	quad	TCAC1
10	quad	TCAC1
11	quad	TCAC1
11	quad	TCAC1
10	quad	TCAC1
11	quad	TCAC1
11	quad	ZIC3
11	quad	ZIC3
11	quad	ZIC3
15	quad	RP2
15	quad	RP2
12	quad	TCAC1
12	quad	TCAC1
12	quad	TCAC1
12	quad	TCAC1
12	quad	TCAC1
12	quad	TCAC1
12	quad	TCAC1
12	quad	TCAC1
12	quad	TCAC1
12	quad	TCAC1
12	quad	TCAC1
12	quad	TCAC1
12	quad	TCAC1
12	quad	TCAC1
12	quad	TCAC1
12	quad	TCAC1
12	quad	TCAC1
12	quad	TCAC1
12	quad	TCAC1
12	quad	TCAC1
12	quad	TCAC1
11	quad	ZIC3
13	quad	ZIC3
13	quad	ZIC3
13	quad	ZIC3
13	quad	ZIC3
11	quad	ZIC3
13	quad	ZIC3
11	quad	ZIC3
13	quad	ZIC3
13	quad	ZIC3
13	quad	ZIC3
13	quad	RP2
13	quad	RP2
13	quad	RP2
12	quad	TCAC1
12	quad	TCAC1
12	quad	TCAC1
12	quad	TCAC1
12	quad	TCAC1
12	quad	TCAC1
12	quad	TCAC1
12	quad	TCAC1
12	quad	TCAC1
12	quad	TCAC1
12	quad	TCAC1
12	quad	TCAC1
12	quad	TCAC1
12	quad	TCAC1
11	quad	ZIC3
11	quad	ZIC3
11	quad	ZIC3
11	quad	ZIC3
14	quad	RP2
14	quad	RP2
15	quad	RP2
14	quad	RP2
11	quad	TCAC1
11	quad	TCAC1
11	quad	TCAC1
11	quad	TCAC1
11	quad	TCAC1
11	quad	TCAC1
12	quad	ZIC3
14	quad	RP2
11	quad	TCAC1
11	quad	TCAC1
11	quad	TCAC1
14	quad	RP2
13	quad	RP2
15	quad	RP2
11	quad	TCAC1
11	quad	TCAC1
11	quad	TCAC1
7	quad	TCAC1
11	quad	TCAC1
11	quad	TCAC1
10	quad	ZIC3
11	quad	ZIC3
10	quad	ZIC3
10	quad	ZIC3
14	quad	RP2
11	quad	RP2
14	quad	RP2
14	quad	RP2
15	quad	RP2
15	quad	RP2
14	quad	RP2
11	quad	TCAC1
11	quad	TCAC1
11	quad	TCAC1
10	quad	ZIC3
10	quad	ZIC3
11	quad	ZIC3
10	quad	ZIC3
11	quad	ZIC3
11	quad	ZIC3
14	quad	RP2
14	quad	RP2
13	quad	RP2
13	quad	RP2
11	quad	TCAC1
11	quad	TCAC1
11	quad	TCAC1
11	quad	TCAC1
10	quad	TCAC1
11	quad	TCAC1
10	quad	TCAC1
10	quad	TCAC1
10	quad	TCAC1
11	quad	TCAC1
11	quad	TCAC1
11	quad	ZIC3
11	quad	ZIC3
11	quad	ZIC3
11	quad	ZIC3
12	quad	ZIC3
11	quad	ZIC3
11	quad	TCAC1
10	quad	TCAC1
12	quad	RP2
12	quad	RP2
12	quad	RP2
11	quad	TCAC1
11	quad	TCAC1
11	quad	TCAC1
11	quad	TCAC1
11	quad	ZIC3
11	quad	ZIC3
10	quad	ZIC3
12	quad	RP2
12	quad	RP2
11	quad	TCAC1
11	quad	TCAC1
11	quad	TCAC1
11	quad	TCAC1
10	quad	ZIC3
11	quad	ZIC3
11	quad	ZIC3
11	quad	ZIC3
12	quad	ZIC3
12	quad	RP2
15	quad	RP2
15	quad	RP2
11	quad	TCAC1
10	quad	TCAC1
11	quad	TCAC1
11	quad	TCAC1
11	quad	TCAC1
12	quad	ZIC3
11	quad	ZIC3
8	quad	ZIC3
12	quad	ZIC3
18	quad	RP2
11	quad	TCAC1
10	quad	TCAC1
11	quad	TCAC1
10	quad	TCAC1
10	quad	TCAC1
11	quad	TCAC1
10	quad	TCAC1
11	quad	ZIC3
9	quad	RP2
11	quad	TCAC1
10	quad	TCAC1
11	quad	ZIC3
11	quad	ZIC3
11	quad	ZIC3
11	quad	ZIC3
11	quad	ZIC3
11	quad	ZIC3
15	quad	RP2
10	quad	TCAC1
10	quad	TCAC1
11	quad	ZIC3
11	quad	ZIC3
11	quad	ZIC3
11	quad	ZIC3
15	quad	RP2
13	quad	RP2
15	quad	RP2
10	quad	TCAC1
10	quad	TCAC1
10	quad	TCAC1
11	quad	ZIC3
11	quad	ZIC3
11	quad	ZIC3
14	quad	RP2
11	quad	TCAC1
11	quad	TCAC1
11	quad	TCAC1
11	quad	TCAC1
11	quad	TCAC1
11	quad	TCAC1
11	quad	ZIC3
11	quad	ZIC3
11	quad	ZIC3
11	quad	ZIC3
11	quad	ZIC3
14	quad	RP2
14	quad	RP2
14	quad	RP2
14	quad	RP2
10	quad	TCAC1
11	quad	ZIC3
12	quad	ZIC3
11	quad	ZIC3
12	quad	ZIC3
13	quad	RP2
13	quad	RP2
11	quad	TCAC1
11	quad	TCAC1
11	quad	TCAC1
9	quad	TCAC1
12	quad	ZIC3
12	quad	ZIC3
12	quad	ZIC3
11	quad	ZIC3
12	quad	ZIC3
11	quad	ZIC3
11	quad	ZIC3
14	quad	RP2
13	quad	RP2
14	quad	RP2
14	quad	RP2
11	quad	ZIC3
12	quad	ZIC3
15	quad	RP2
15	quad	RP2
13	quad	RP2
11	quad	TCAC1
11	quad	TCAC1
11	quad	TCAC1
11	quad	TCAC1
11	quad	TCAC1
11	quad	TCAC1
11	quad	TCAC1
11	quad	TCAC1
11	quad	ZIC3
13	quad	ZIC3
13	quad	RP2
15	quad	RP2
13	quad	RP2
11	quad	TCAC1
11	quad	TCAC1
13	quad	ZIC3
11	quad	ZIC3
11	quad	ZIC3
11	quad	ZIC3
13	quad	ZIC3
14	quad	RP2
11	quad	TCAC1
12	quad	TCAC1
12	quad	TCAC1
12	quad	TCAC1
12	quad	TCAC1
11	quad	TCAC1
11	quad	TCAC1
12	quad	TCAC1
11	quad	ZIC3
14	quad	RP2
14	quad	RP2
11	quad	RP2
14	quad	RP2
11	quad	TCAC1
11	quad	TCAC1
12	quad	TCAC1
11	quad	TCAC1
11	quad	ZIC3
11	quad	ZIC3
11	quad	ZIC3
11	quad	ZIC3
11	quad	ZIC3
11	quad	ZIC3
11	quad	ZIC3
14	quad	RP2
14	quad	RP2
11	quad	TCAC1
11	quad	TCAC1
11	quad	TCAC1
12	quad	TCAC1
12	quad	TCAC1
11	quad	TCAC1
11	quad	ZIC3
11	quad	ZIC3
16	quad	RP2
14	quad	RP2
12	quad	TCAC1
12	quad	TCAC1
11	quad	ZIC3
11	quad	ZIC3
13	quad	RP2
11	quad	TCAC1
9	quad	TCAC1
9	quad	TCAC1
11	quad	TCAC1
9	quad	TCAC1
10	quad	ZIC3
12	quad	ZIC3
13	quad	RP2
13	quad	RP2
14	quad	RP2
15	quad	RP2
11	quad	TCAC1
7	quad	TCAC1
9	quad	TCAC1
12	quad	ZIC3
12	quad	ZIC3
12	quad	ZIC3
12	quad	ZIC3
12	quad	ZIC3
14	quad	RP2
11	quad	TCAC1
11	quad	TCAC1
11	quad	TCAC1
11	quad	TCAC1
11	quad	TCAC1
11	quad	ZIC3
11	quad	ZIC3
11	quad	ZIC3
11	quad	ZIC3
11	quad	ZIC3
11	quad	ZIC3
11	quad	ZIC3
11	quad	TCAC1
11	quad	TCAC1
11	quad	ZIC3
11	quad	ZIC3
11	quad	ZIC3
11	quad	ZIC3
11	quad	ZIC3
11	quad	ZIC3
11	quad	TCAC1
11	quad	TCAC1
11	quad	TCAC1
12	quad	ZIC3
10	quad	ZIC3
12	quad	ZIC3
14	quad	RP2
11	quad	TCAC1
11	quad	TCAC1
11	quad	TCAC1
11	quad	TCAC1
12	quad	ZIC3
11	quad	TCAC1
11	quad	TCAC1
11	quad	TCAC1
11	quad	TCAC1
11	quad	TCAC1
9	quad	ZIC3
12	quad	ZIC3
12	quad	ZIC3
13	quad	RP2
11	quad	TCAC1
11	quad	TCAC1
11	quad	TCAC1
11	quad	TCAC1
11	quad	ZIC3
11	quad	ZIC3
10	quad	ZIC3
10	quad	ZIC3
11	quad	TCAC1
11	quad	TCAC1
10	quad	ZIC3
11	quad	ZIC3
7	quad	ZIC3
12	quad	RP2
15	quad	RP2
7	quad	RP2
12	quad	RP2
12	quad	RP2
15	quad	RP2
11	quad	TCAC1
11	quad	TCAC1
10	quad	TCAC1
10	quad	TCAC1
11	quad	TCAC1
10	quad	TCAC1
10	quad	TCAC1
11	quad	TCAC1
10	quad	TCAC1
11	quad	TCAC1
10	quad	ZIC3
13	quad	ZIC3
10	quad	ZIC3
12	quad	RP2
12	quad	RP2
15	quad	RP2
15	quad	RP2
11	quad	TCAC1
10	quad	TCAC1
13	quad	ZIC3
13	quad	ZIC3
13	quad	ZIC3
10	quad	ZIC3
10	quad	ZIC3
13	quad	RP2
11	quad	TCAC1
10	quad	TCAC1
10	quad	TCAC1
11	quad	TCAC1
11	quad	TCAC1
10	quad	TCAC1
11	quad	TCAC1
10	quad	TCAC1
10	quad	TCAC1
10	quad	ZIC3
10	quad	ZIC3
10	quad	ZIC3
10	quad	ZIC3
10	quad	ZIC3
10	quad	TCAC1
11	quad	TCAC1
10	quad	TCAC1
11	quad	TCAC1
11	quad	TCAC1
11	quad	TCAC1
10	quad	TCAC1
11	quad	TCAC1
11	quad	TCAC1
11	quad	TCAC1
10	quad	ZIC3
13	quad	ZIC3
14	quad	RP2
14	quad	RP2
11	quad	TCAC1
11	quad	TCAC1
11	quad	TCAC1
11	quad	TCAC1
11	quad	TCAC1
12	quad	ZIC3
9	quad	RP2
11	quad	TCAC1
11	quad	TCAC1
11	quad	TCAC1
10	quad	TCAC1
10	quad	TCAC1
10	quad	TCAC1
11	quad	TCAC1
11	quad	TCAC1
11	quad	TCAC1
11	quad	TCAC1
11	quad	ZIC3
10	quad	ZIC3
10	quad	ZIC3
10	quad	ZIC3
10	quad	ZIC3
11	quad	ZIC3
10	quad	ZIC3
17	quad	RP2
7	quad	RP2
15	quad	RP2
17	quad	RP2
11	quad	TCAC1
10	quad	TCAC1
10	quad	TCAC1
10	quad	TCAC1
10	quad	TCAC1
11	quad	TCAC1
11	quad	TCAC1
10	quad	ZIC3
10	quad	ZIC3
10	quad	ZIC3
11	quad	ZIC3
11	quad	ZIC3
11	quad	ZIC3
10	quad	ZIC3
11	quad	ZIC3
10	quad	ZIC3
16	quad	RP2
11	quad	TCAC1
10	quad	TCAC1
11	quad	TCAC1
11	quad	TCAC1
11	quad	TCAC1
10	quad	TCAC1
10	quad	TCAC1
11	quad	ZIC3
13	quad	ZIC3
11	quad	ZIC3
13	quad	ZIC3
13	quad	ZIC3
13	quad	ZIC3
13	quad	ZIC3
13	quad	ZIC3
11	quad	ZIC3
15	quad	RP2
15	quad	RP2
10	quad	TCAC1
10	quad	TCAC1
11	quad	TCAC1
10	quad	TCAC1
10	quad	TCAC1
10	quad	TCAC1
10	quad	TCAC1
10	quad	TCAC1
11	quad	TCAC1
11	quad	TCAC1
11	quad	TCAC1
10	quad	TCAC1
10	quad	TCAC1
11	quad	ZIC3
13	quad	ZIC3
13	quad	ZIC3
15	quad	RP2
15	quad	RP2
10	quad	TCAC1
11	quad	TCAC1
10	quad	TCAC1
11	quad	TCAC1
11	quad	TCAC1
10	quad	TCAC1
10	quad	ZIC3
10	quad	ZIC3
10	quad	ZIC3
11	quad	ZIC3
14	quad	RP2
14	quad	RP2
11	quad	TCAC1
10	quad	TCAC1
10	quad	ZIC3
10	quad	ZIC3
11	quad	ZIC3
14	quad	RP2
12	quad	RP2
10	quad	TCAC1
12	quad	TCAC1
12	quad	TCAC1
12	quad	TCAC1
12	quad	TCAC1
12	quad	TCAC1
12	quad	TCAC1
10	quad	TCAC1
11	quad	ZIC3
12	quad	RP2
12	quad	RP2
14	quad	RP2
14	quad	RP2
12	quad	RP2
10	quad	TCAC1
12	quad	TCAC1
10	quad	TCAC1
10	quad	TCAC1
11	quad	ZIC3
11	quad	ZIC3
11	quad	ZIC3
14	quad	RP2
11	quad	TCAC1
11	quad	TCAC1
11	quad	TCAC1
10	quad	TCAC1
11	quad	TCAC1
11	quad	ZIC3
13	quad	ZIC3
13	quad	ZIC3
13	quad	ZIC3
13	quad	ZIC3
14	quad	RP2
16	quad	RP2
10	quad	TCAC1
10	quad	TCAC1
10	quad	TCAC1
10	quad	TCAC1
10	quad	TCAC1
11	quad	TCAC1
11	quad	TCAC1
10	quad	TCAC1
13	quad	ZIC3
13	quad	ZIC3
11	quad	ZIC3
11	quad	ZIC3
13	quad	RP2
16	quad	RP2
10	quad	TCAC1
10	quad	TCAC1
10	quad	TCAC1
10	quad	TCAC1
10	quad	TCAC1
10	quad	TCAC1
10	quad	TCAC1
11	quad	ZIC3
10	quad	ZIC3
11	quad	ZIC3
11	quad	ZIC3
11	quad	ZIC3
13	quad	RP2
13	quad	RP2
10	quad	TCAC1
11	quad	ZIC3
10	quad	ZIC3
11	quad	TCAC1
11	quad	TCAC1
11	quad	TCAC1
12	quad	ZIC3
12	quad	ZIC3
12	quad	ZIC3
16	quad	RP2
16	quad	RP2
16	quad	RP2
11	quad	TCAC1
11	quad	TCAC1
11	quad	TCAC1
11	quad	TCAC1
11	quad	TCAC1
12	quad	ZIC3
13	quad	RP2
13	quad	RP2
11	quad	TCAC1
11	quad	TCAC1
11	quad	TCAC1
11	quad	TCAC1
11	quad	TCAC1
11	quad	TCAC1
11	quad	TCAC1
11	quad	TCAC1
11	quad	TCAC1
11	quad	TCAC1
11	quad	TCAC1
11	quad	ZIC3
11	quad	ZIC3
11	quad	TCAC1
9	quad	ZIC3
9	quad	ZIC3
11	quad	ZIC3
9	quad	ZIC3
12	auto	RPL14
8	auto	RPL14
8	auto	RPL14
8	auto	RPL14
8	auto	RPL14
8	auto	RPL14
8	auto	RPL14
8	auto	RPL14
8	auto	RPL14
12	auto	RPL14
12	auto	RPL14
12	auto	RPL14
13	auto	RPL14
12	auto	RPL14
12	auto	RPL14
12	auto	RPL14
13	auto	RPL14
12	auto	RPL14
13	auto	RPL14
8	auto	RPL14
8	auto	RPL14
8	auto	RPL14
8	auto	RPL14
8	auto	RPL14
8	auto	RPL14
17	auto	HTT
8	auto	RPL14
10	auto	RPL14
8	auto	RPL14
10	auto	RPL14
8	auto	RPL14
8	auto	RPL14
10	auto	RPL14
8	auto	RPL14
8	auto	RPL14
8	auto	RPL14
8	auto	RPL14
8	auto	RPL14
8	auto	RPL14
8	auto	RPL14
8	auto	RPL14
8	auto	RPL14
8	auto	RPL14
8	auto	RPL14
8	auto	RPL14
8	auto	RPL14
8	auto	RPL14
8	auto	RPL14
8	auto	RPL14
10	auto	ATXN7
10	auto	ATXN7
10	auto	ATXN7
10	auto	ATXN7
10	auto	ATXN7
10	auto	ATXN7
10	auto	ATXN7
8	auto	RPL14
8	auto	RPL14
10	auto	RPL14
8	auto	RPL14
8	auto	RPL14
10	auto	RPL14
8	auto	RPL14
8	auto	RPL14
10	auto	RPL14
10	auto	RPL14
8	auto	RPL14
8	auto	RPL14
8	auto	RPL14
8	auto	RPL14
8	auto	RPL14
8	auto	RPL14
17	auto	HTT
10	auto	ATXN7
10	auto	ATXN7
10	auto	ATXN7
15	auto	RPL14
15	auto	RPL14
12	auto	RPL14
15	auto	RPL14
8	auto	RPL14
8	auto	RPL14
8	auto	RPL14
8	auto	RPL14
8	auto	RPL14
8	auto	RPL14
8	auto	RPL14
15	auto	HTT
15	auto	HTT
15	auto	HTT
15	auto	HTT
17	auto	HTT
17	auto	HTT
15	auto	HTT
15	auto	HTT
15	auto	RPL14
15	auto	RPL14
15	auto	RPL14
15	auto	RPL14
8	auto	RPL14
7	auto	RPL14
7	auto	RPL14
7	auto	RPL14
8	auto	RPL14
8	auto	RPL14
8	auto	RPL14
15	auto	HTT
15	auto	HTT
15	auto	HTT
15	auto	HTT
15	auto	HTT
10	auto	ATXN7
12	auto	RPL14
9	auto	RPL14
12	auto	RPL14
13	auto	RPL14
12	auto	RPL14
13	auto	RPL14
13	auto	RPL14
8	auto	RPL14
8	auto	RPL14
8	auto	RPL14
8	auto	RPL14
8	auto	RPL14
16	auto	HTT
18	auto	HTT
18	auto	HTT
10	auto	ATXN7
10	auto	ATXN7
10	auto	ATXN7
10	auto	ATXN7
10	auto	ATXN7
10	auto	ATXN7
10	auto	ATXN7
10	auto	ATXN7
12	auto	RPL14
13	auto	RPL14
13	auto	RPL14
8	auto	RPL14
8	auto	RPL14
8	auto	RPL14
8	auto	RPL14
8	auto	RPL14
8	auto	RPL14
8	auto	RPL14
18	auto	HTT
18	auto	HTT
18	auto	HTT
10	auto	ATXN7
10	auto	ATXN7
10	auto	ATXN7
10	auto	ATXN7
10	auto	ATXN7
10	auto	ATXN7
10	auto	ATXN7
15	auto	RPL14
15	auto	RPL14
15	auto	RPL14
11	auto	RPL14
11	auto	RPL14
15	auto	RPL14
15	auto	RPL14
8	auto	RPL14
8	auto	RPL14
8	auto	RPL14
8	auto	RPL14
8	auto	RPL14
8	auto	RPL14
25	auto	HTT
25	auto	HTT
10	auto	ATXN7
10	auto	ATXN7
10	auto	ATXN7
10	auto	ATXN7
10	auto	ATXN7
11	auto	RPL14
11	auto	RPL14
15	auto	RPL14
11	auto	RPL14
15	auto	RPL14
11	auto	RPL14
11	auto	RPL14
11	auto	RPL14
11	auto	RPL14
11	auto	RPL14
8	auto	RPL14
8	auto	RPL14
8	auto	RPL14
8	auto	RPL14
8	auto	RPL14
8	auto	RPL14
18	auto	HTT
18	auto	HTT
18	auto	HTT
18	auto	HTT
18	auto	HTT
25	auto	HTT
10	auto	ATXN7
15	auto	RPL14
16	auto	RPL14
16	auto	RPL14
16	auto	RPL14
16	auto	RPL14
16	auto	RPL14
16	auto	RPL14
16	auto	RPL14
15	auto	RPL14
15	auto	RPL14
8	auto	RPL14
8	auto	RPL14
8	auto	RPL14
8	auto	RPL14
8	auto	RPL14
8	auto	RPL14
20	auto	HTT
20	auto	HTT
16	auto	RPL14
16	auto	RPL14
16	auto	RPL14
15	auto	RPL14
15	auto	RPL14
15	auto	RPL14
15	auto	RPL14
15	auto	RPL14
16	auto	RPL14
16	auto	RPL14
15	auto	RPL14
15	auto	RPL14
15	auto	RPL14
15	auto	RPL14
8	auto	RPL14
8	auto	RPL14
8	auto	RPL14
8	auto	RPL14
8	auto	RPL14
7	auto	RPL14
7	auto	RPL14
8	auto	RPL14
8	auto	RPL14
15	auto	HTT
15	auto	HTT
15	auto	HTT
9	auto	ATXN7
10	auto	RPL14
10	auto	RPL14
10	auto	RPL14
10	auto	RPL14
10	auto	RPL14
10	auto	RPL14
10	auto	RPL14
10	auto	RPL14
15	auto	RPL14
10	auto	RPL14
15	auto	RPL14
15	auto	RPL14
15	auto	RPL14
10	auto	RPL14
10	auto	RPL14
8	auto	RPL14
8	auto	RPL14
8	auto	RPL14
8	auto	RPL14
8	auto	RPL14
18	auto	HTT
18	auto	HTT
18	auto	HTT
17	auto	HTT
18	auto	HTT
16	auto	HTT
18	auto	HTT
11	auto	ATXN7
11	auto	ATXN7
11	auto	ATXN7
11	auto	ATXN7
11	auto	ATXN7
11	auto	ATXN7
15	auto	RPL14
15	auto	RPL14
15	auto	RPL14
15	auto	RPL14
10	auto	RPL14
10	auto	RPL14
10	auto	RPL14
10	auto	RPL14
15	auto	RPL14
8	auto	RPL14
8	auto	RPL14
8	auto	RPL14
8	auto	RPL14
8	auto	RPL14
8	auto	RPL14
8	auto	RPL14
8	auto	RPL14
8	auto	RPL14
10	auto	HTT
18	auto	HTT
15	auto	RPL14
15	auto	RPL14
15	auto	RPL14
15	auto	RPL14
15	auto	RPL14
15	auto	RPL14
16	auto	RPL14
16	auto	RPL14
16	auto	RPL14
16	auto	RPL14
16	auto	RPL14
8	auto	RPL14
8	auto	RPL14
8	auto	RPL14
17	auto	HTT
17	auto	HTT
18	auto	HTT
10	auto	ATXN7
15	auto	RPL14
15	auto	RPL14
16	auto	RPL14
16	auto	RPL14
16	auto	RPL14
15	auto	RPL14
8	auto	RPL14
8	auto	RPL14
8	auto	RPL14
16	auto	HTT
18	auto	HTT
17	auto	HTT
17	auto	HTT
17	auto	HTT
10	auto	HTT
18	auto	HTT
17	auto	HTT
18	auto	HTT
10	auto	ATXN7
12	auto	RPL14
15	auto	RPL14
15	auto	RPL14
15	auto	RPL14
12	auto	RPL14
12	auto	RPL14
15	auto	RPL14
8	auto	RPL14
8	auto	RPL14
8	auto	RPL14
17	auto	HTT
15	auto	RPL14
15	auto	RPL14
12	auto	RPL14
12	auto	RPL14
12	auto	RPL14
8	auto	RPL14
8	auto	RPL14
8	auto	RPL14
8	auto	RPL14
8	auto	RPL14
17	auto	HTT
10	auto	ATXN7
12	auto	RPL14
12	auto	RPL14
12	auto	RPL14
15	auto	RPL14
15	auto	RPL14
15	auto	RPL14
12	auto	RPL14
12	auto	RPL14
12	auto	RPL14
15	auto	RPL14
15	auto	RPL14
12	auto	RPL14
15	auto	RPL14
8	auto	RPL14
7	auto	RPL14
8	auto	RPL14
12	auto	RPL14
17	auto	HTT
17	auto	HTT
17	auto	HTT
15	auto	RPL14
12	auto	RPL14
15	auto	RPL14
12	auto	RPL14
15	auto	RPL14
15	auto	RPL14
12	auto	RPL14
8	auto	RPL14
8	auto	RPL14
8	auto	RPL14
8	auto	RPL14
8	auto	RPL14
17	auto	HTT
17	auto	HTT
15	auto	RPL14
12	auto	RPL14
12	auto	RPL14
12	auto	RPL14
8	auto	RPL14
8	auto	RPL14
8	auto	RPL14
17	auto	HTT
23	auto	HTT
12	auto	RPL14
15	auto	RPL14
12	auto	RPL14
12	auto	RPL14
12	auto	RPL14
15	auto	RPL14
15	auto	RPL14
15	auto	RPL14
15	auto	RPL14
8	auto	RPL14
8	auto	RPL14
7	auto	RPL14
8	auto	RPL14
8	auto	RPL14
8	auto	RPL14
8	auto	RPL14
9	auto	RPL14
9	auto	RPL14
19	auto	HTT
17	auto	HTT
8	auto	RPL14
8	auto	RPL14
8	auto	RPL14
8	auto	RPL14
8	auto	RPL14
9	auto	RPL14
9	auto	RPL14
9	auto	RPL14
9	auto	RPL14
9	auto	RPL14
9	auto	RPL14
9	auto	RPL14
15	auto	RPL14
15	auto	RPL14
12	auto	RPL14
12	auto	RPL14
12	auto	RPL14
12	auto	RPL14
8	auto	RPL14
12	auto	RPL14
17	auto	HTT
17	auto	HTT
12	auto	RPL14
8	auto	RPL14
8	auto	RPL14
8	auto	RPL14
8	auto	RPL14
7	auto	ATXN7
10	auto	RPL14
9	auto	RPL14
9	auto	RPL14
10	auto	RPL14
10	auto	RPL14
10	auto	RPL14
9	auto	RPL14
9	auto	RPL14
10	auto	RPL14
9	auto	RPL14
10	auto	RPL14
10	auto	RPL14
10	auto	RPL14
8	auto	RPL14
8	auto	RPL14
8	auto	RPL14
8	auto	RPL14
8	auto	RPL14
8	auto	RPL14
8	auto	RPL14
8	auto	RPL14
16	auto	HTT
16	auto	HTT
10	auto	RPL14
10	auto	RPL14
10	auto	RPL14
10	auto	RPL14
9	auto	RPL14
10	auto	RPL14
10	auto	RPL14
9	auto	RPL14
10	auto	RPL14
10	auto	RPL14
9	auto	RPL14
10	auto	RPL14
8	auto	RPL14
8	auto	RPL14
8	auto	RPL14
8	auto	RPL14
8	auto	RPL14
8	auto	RPL14
8	auto	RPL14
8	auto	RPL14
7	auto	RPL14
8	auto	RPL14
12	auto	RPL14
12	auto	RPL14
12	auto	RPL14
15	auto	RPL14
12	auto	RPL14
12	auto	RPL14
15	auto	RPL14
15	auto	RPL14
15	auto	RPL14
12	auto	RPL14
12	auto	RPL14
12	auto	RPL14
12	auto	RPL14
15	auto	RPL14
15	auto	RPL14
12	auto	RPL14
12	auto	RPL14
12	auto	RPL14
12	auto	RPL14
15	auto	RPL14
8	auto	RPL14
23	auto	HTT
12	auto	RPL14
12	auto	RPL14
12	auto	RPL14
15	auto	RPL14
15	auto	RPL14
12	auto	RPL14
15	auto	RPL14
15	auto	RPL14
8	auto	RPL14
8	auto	RPL14
8	auto	RPL14
8	auto	RPL14
8	auto	RPL14
8	auto	RPL14
8	auto	RPL14
8	auto	RPL14
10	auto	RPL14
10	auto	RPL14
10	auto	RPL14
15	auto	RPL14
15	auto	RPL14
15	auto	RPL14
8	auto	RPL14
8	auto	RPL14
8	auto	RPL14
8	auto	RPL14
8	auto	RPL14
8	auto	RPL14
7	auto	RPL14
7	auto	RPL14
7	auto	RPL14
15	auto	HTT
15	auto	HTT
17	auto	HTT
17	auto	HTT
16	auto	HTT
15	auto	HTT
15	auto	HTT
15	auto	HTT
10	auto	ATXN7
10	auto	ATXN7
10	auto	ATXN7
10	auto	ATXN7
10	auto	RPL14
15	auto	RPL14
15	auto	RPL14
15	auto	RPL14
15	auto	RPL14
10	auto	RPL14
15	auto	RPL14
10	auto	RPL14
15	auto	RPL14
15	auto	RPL14
15	auto	RPL14
8	auto	RPL14
8	auto	RPL14
8	auto	RPL14
8	auto	RPL14
8	auto	RPL14
8	auto	RPL14
8	auto	RPL14
8	auto	RPL14
8	auto	RPL14
8	auto	RPL14
8	auto	RPL14
8	auto	RPL14
8	auto	RPL14
17	auto	HTT
17	auto	HTT
17	auto	HTT
15	auto	HTT
16	auto	HTT
15	auto	HTT
15	auto	HTT
15	auto	HTT
15	auto	HTT
17	auto	HTT
10	auto	ATXN7
10	auto	ATXN7
16	auto	RPL14
18	auto	RPL14
16	auto	RPL14
16	auto	RPL14
18	auto	RPL14
8	auto	RPL14
8	auto	RPL14
8	auto	RPL14
8	auto	RPL14
8	auto	RPL14
8	auto	RPL14
8	auto	RPL14
8	auto	RPL14
16	auto	RPL14
18	auto	RPL14
18	auto	RPL14
18	auto	RPL14
8	auto	RPL14
8	auto	RPL14
8	auto	RPL14
8	auto	RPL14
8	auto	RPL14
8	auto	RPL14
8	auto	RPL14
8	auto	RPL14
8	auto	RPL14
15	auto	HTT
15	auto	HTT
15	auto	HTT
15	auto	HTT
15	auto	HTT
15	auto	HTT
10	auto	RPL14
12	auto	RPL14
10	auto	RPL14
10	auto	RPL14
12	auto	RPL14
12	auto	RPL14
12	auto	RPL14
8	auto	RPL14
8	auto	RPL14
8	auto	RPL14
8	auto	RPL14
7	auto	RPL14
8	auto	RPL14
8	auto	RPL14
8	auto	RPL14
8	auto	RPL14
7	auto	RPL14
7	auto	RPL14
8	auto	RPL14
12	auto	RPL14
8	auto	RPL14
17	auto	HTT
17	auto	HTT
24	auto	HTT
24	auto	HTT
17	auto	HTT
24	auto	HTT
10	auto	ATXN7
10	auto	RPL14
12	auto	RPL14
10	auto	RPL14
10	auto	RPL14
12	auto	RPL14
8	auto	RPL14
8	auto	RPL14
24	auto	HTT
17	auto	HTT
24	auto	HTT
12	auto	ATXN7
13	auto	RPL14
13	auto	RPL14
13	auto	RPL14
13	auto	RPL14
13	auto	RPL14
10	auto	RPL14
13	auto	RPL14
13	auto	RPL14
10	auto	RPL14
10	auto	RPL14
13	auto	RPL14
10	auto	RPL14
8	auto	RPL14
10	auto	RPL14
8	auto	RPL14
8	auto	RPL14
19	auto	HTT
13	auto	RPL14
13	auto	RPL14
13	auto	RPL14
10	auto	RPL14
13	auto	RPL14
13	auto	RPL14
13	auto	RPL14
13	auto	RPL14
13	auto	RPL14
13	auto	RPL14
8	auto	RPL14
8	auto	RPL14
8	auto	RPL14
8	auto	RPL14
8	auto	RPL14
8	auto	RPL14
22	auto	HTT
19	auto	HTT
22	auto	HTT
15	auto	RPL14
16	auto	RPL14
15	auto	RPL14
16	auto	RPL14
15	auto	RPL14
16	auto	RPL14
16	auto	RPL14
16	auto	RPL14
8	auto	RPL14
8	auto	RPL14
8	auto	RPL14
21	auto	HTT
19	auto	HTT
21	auto	HTT
19	auto	HTT
21	auto	HTT
20	auto	HTT
10	auto	ATXN7
12	auto	ATXN7
15	auto	RPL14
16	auto	RPL14
16	auto	RPL14
15	auto	RPL14
8	auto	RPL14
8	auto	RPL14
8	auto	RPL14
8	auto	RPL14
21	auto	HTT
21	auto	HTT
21	auto	HTT
19	auto	HTT
17	auto	HTT
21	auto	HTT
19	auto	HTT
21	auto	HTT
12	auto	ATXN7
15	auto	RPL14
14	auto	RPL14
15	auto	RPL14
15	auto	RPL14
15	auto	RPL14
8	auto	RPL14
8	auto	RPL14
8	auto	RPL14
7	auto	RPL14
8	auto	RPL14
22	auto	HTT
22	auto	HTT
18	auto	HTT
18	auto	HTT
10	auto	ATXN7
13	auto	ATXN7
15	auto	RPL14
15	auto	RPL14
15	auto	RPL14
15	auto	RPL14
15	auto	RPL14
15	auto	RPL14
15	auto	RPL14
15	auto	RPL14
15	auto	RPL14
15	auto	RPL14
15	auto	RPL14
11	auto	RPL14
15	auto	RPL14
15	auto	RPL14
15	auto	RPL14
15	auto	RPL14
15	auto	RPL14
15	auto	RPL14
15	auto	RPL14
8	auto	RPL14
8	auto	RPL14
8	auto	RPL14
8	auto	RPL14
8	auto	RPL14
8	auto	RPL14
8	auto	RPL14
8	auto	RPL14
18	auto	HTT
18	auto	RPL14
18	auto	RPL14
18	auto	RPL14
13	auto	RPL14
13	auto	RPL14
12	auto	RPL14
17	auto	RPL14
8	auto	RPL14
20	auto	HTT
19	auto	HTT
21	auto	HTT
19	auto	HTT
19	auto	HTT
19	auto	HTT
18	auto	RPL14
18	auto	RPL14
18	auto	RPL14
18	auto	RPL14
18	auto	RPL14
18	auto	RPL14
8	auto	RPL14
8	auto	RPL14
8	auto	RPL14
8	auto	RPL14
8	auto	RPL14
8	auto	RPL14
8	auto	RPL14
8	auto	RPL14
10	auto	RPL14
10	auto	RPL14
10	auto	RPL14
13	auto	RPL14
13	auto	RPL14
13	auto	RPL14
10	auto	RPL14
13	auto	RPL14
10	auto	RPL14
13	auto	RPL14
13	auto	RPL14
10	auto	RPL14
8	auto	RPL14
8	auto	RPL14
8	auto	RPL14
8	auto	RPL14
15	auto	HTT
17	auto	HTT
10	auto	ATXN7
10	auto	ATXN7
10	auto	ATXN7
8	auto	RPL14
10	auto	RPL14
10	auto	RPL14
10	auto	RPL14
8	auto	RPL14
8	auto	RPL14
8	auto	RPL14
8	auto	RPL14
15	auto	HTT
17	auto	HTT
17	auto	HTT
10	auto	ATXN7
12	auto	RPL14
15	auto	RPL14
15	auto	RPL14
15	auto	RPL14
12	auto	RPL14
12	auto	RPL14
12	auto	RPL14
15	auto	RPL14
8	auto	RPL14
8	auto	RPL14
8	auto	RPL14
18	auto	HTT
17	auto	HTT
12	auto	RPL14
12	auto	RPL14
12	auto	RPL14
15	auto	RPL14
15	auto	RPL14
15	auto	RPL14
12	auto	RPL14
15	auto	RPL14
8	auto	RPL14
8	auto	RPL14
8	auto	RPL14
8	auto	RPL14
8	auto	RPL14
8	auto	RPL14
8	auto	RPL14
8	auto	RPL14
16	auto	HTT
17	auto	HTT
12	auto	ATXN7
14	auto	RPL14
14	auto	RPL14
14	auto	RPL14
14	auto	RPL14
18	auto	RPL14
17	auto	RPL14
14	auto	RPL14
14	auto	RPL14
18	auto	RPL14
18	auto	RPL14
18	auto	RPL14
8	auto	RPL14
8	auto	RPL14
21	auto	HTT
19	auto	HTT
10	auto	ATXN7
10	auto	ATXN7
8	auto	RPL14
10	auto	ATXN7
10	auto	ATXN7
10	auto	ATXN7
16	auto	RPL14
16	auto	RPL14
14	auto	RPL14
14	auto	RPL14
14	auto	RPL14
14	auto	RPL14
14	auto	RPL14
8	auto	RPL14
10	auto	HTT
17	auto	HTT
10	auto	ATXN7
16	auto	RPL14
14	auto	RPL14
16	auto	RPL14
14	auto	RPL14
16	auto	RPL14
16	auto	RPL14
14	auto	RPL14
16	auto	RPL14
8	auto	RPL14
8	auto	RPL14
8	auto	RPL14
8	auto	RPL14
8	auto	RPL14
8	auto	RPL14
8	auto	RPL14
17	auto	HTT
17	auto	HTT
23	auto	HTT
17	auto	HTT
8	auto	RPL14
8	auto	RPL14
16	auto	RPL14
16	auto	RPL14
16	auto	RPL14
16	auto	RPL14
16	auto	RPL14
8	auto	RPL14
8	auto	RPL14
8	auto	RPL14
8	auto	RPL14
8	auto	RPL14
8	auto	RPL14
8	auto	RPL14
8	auto	RPL14
8	auto	RPL14
8	auto	RPL14
8	auto	RPL14
8	auto	RPL14
16	auto	RPL14
8	auto	RPL14
8	auto	RPL14
8	auto	RPL14
8	auto	RPL14
8	auto	RPL14
8	auto	RPL14
8	auto	RPL14
8	auto	RPL14
8	auto	RPL14
8	auto	RPL14
8	auto	RPL14
8	auto	RPL14
8	auto	RPL14
18	auto	HTT
12	auto	RPL14
14	auto	RPL14
12	auto	RPL14
12	auto	RPL14
12	auto	RPL14
12	auto	RPL14
8	auto	RPL14
8	auto	RPL14
8	auto	RPL14
8	auto	RPL14
7	auto	RPL14
8	auto	RPL14
15	auto	HTT
15	auto	HTT
30	auto	HTT
30	auto	HTT
10	auto	ATXN7
10	auto	ATXN7
10	auto	ATXN7
10	auto	ATXN7
13	auto	ATXN7
13	auto	ATXN7
13	auto	ATXN7
13	auto	ATXN7
14	auto	RPL14
12	auto	RPL14
12	auto	RPL14
12	auto	RPL14
8	auto	RPL14
8	auto	RPL14
8	auto	RPL14
8	auto	RPL14
8	auto	RPL14
15	auto	HTT
30	auto	HTT
10	auto	ATXN7
10	auto	ATXN7
13	auto	ATXN7
13	auto	ATXN7
13	auto	ATXN7
10	auto	ATXN7
13	auto	ATXN7
10	auto	RPL14
15	auto	RPL14
10	auto	RPL14
15	auto	RPL14
15	auto	RPL14
8	auto	RPL14
8	auto	RPL14
8	auto	RPL14
8	auto	RPL14
8	auto	RPL14
8	auto	RPL14
8	auto	RPL14
17	auto	HTT
17	auto	HTT
17	auto	HTT
17	auto	HTT
10	auto	ATXN7
10	auto	ATXN7
10	auto	ATXN7
10	auto	ATXN7
10	auto	ATXN7
10	auto	ATXN7
10	auto	ATXN7
10	auto	ATXN7
10	auto	ATXN7
10	auto	ATXN7
10	auto	ATXN7
15	auto	RPL14
10	auto	RPL14
8	auto	RPL14
8	auto	RPL14
8	auto	RPL14
8	auto	RPL14
8	auto	RPL14
23	auto	HTT
17	auto	HTT
17	auto	HTT
23	auto	HTT
17	auto	HTT
23	auto	HTT
17	auto	HTT
10	auto	ATXN7
10	auto	ATXN7
10	auto	ATXN7
10	auto	ATXN7
10	auto	ATXN7
10	auto	ATXN7
10	auto	ATXN7
16	auto	RPL14
16	auto	RPL14
8	auto	RPL14
8	auto	RPL14
8	auto	RPL14
8	auto	RPL14
8	auto	RPL14
8	auto	RPL14
18	auto	HTT
18	auto	HTT
10	auto	ATXN7
10	auto	ATXN7
10	auto	ATXN7
16	auto	RPL14
15	auto	RPL14
8	auto	RPL14
8	auto	RPL14
8	auto	RPL14
8	auto	RPL14
8	auto	RPL14
8	auto	RPL14
17	auto	HTT
18	auto	HTT
17	auto	HTT
17	auto	HTT
10	auto	ATXN7
15	auto	RPL14
16	auto	RPL14
8	auto	RPL14
8	auto	RPL14
8	auto	RPL14
8	auto	RPL14
8	auto	RPL14
8	auto	RPL14
8	auto	RPL14
8	auto	RPL14
17	auto	HTT
17	auto	HTT
17	auto	HTT
17	auto	HTT
17	auto	HTT
17	auto	HTT
10	auto	ATXN7
10	auto	ATXN7
12	auto	ATXN7
12	auto	ATXN7
12	auto	ATXN7
10	auto	ATXN7
15	auto	RPL14
16	auto	RPL14
16	auto	RPL14
15	auto	RPL14
8	auto	RPL14
8	auto	RPL14
8	auto	RPL14
8	auto	RPL14
8	auto	RPL14
8	auto	RPL14
8	auto	RPL14
7	auto	RPL14
17	auto	HTT
17	auto	HTT
17	auto	HTT
17	auto	HTT
17	auto	HTT
17	auto	HTT
10	auto	ATXN7
10	auto	ATXN7
12	auto	ATXN7
12	auto	ATXN7
12	auto	ATXN7
12	auto	ATXN7
12	auto	ATXN7
12	auto	ATXN7
12	auto	ATXN7
13	auto	RPL14
12	auto	RPL14
13	auto	RPL14
13	auto	RPL14
13	auto	RPL14
13	auto	RPL14
12	auto	RPL14
13	auto	RPL14
13	auto	RPL14
8	auto	RPL14
8	auto	RPL14
8	auto	RPL14
20	auto	HTT
20	auto	HTT
20	auto	HTT
20	auto	HTT
17	auto	HTT
20	auto	HTT
20	auto	HTT
18	auto	HTT
12	auto	ATXN7
12	auto	ATXN7
12	auto	ATXN7
12	auto	ATXN7
12	auto	ATXN7
12	auto	ATXN7
12	auto	ATXN7
12	auto	ATXN7
12	auto	ATXN7
12	auto	ATXN7
12	auto	ATXN7
13	auto	RPL14
13	auto	RPL14
12	auto	RPL14
12	auto	RPL14
13	auto	RPL14
12	auto	RPL14
13	auto	RPL14
8	auto	RPL14
8	auto	RPL14
8	auto	RPL14
8	auto	RPL14
8	auto	RPL14
8	auto	RPL14
8	auto	RPL14
17	auto	HTT
17	auto	HTT
20	auto	HTT
17	auto	HTT
17	auto	HTT
17	auto	HTT
17	auto	HTT
18	auto	HTT
20	auto	HTT
20	auto	HTT
20	auto	HTT
12	auto	ATXN7
12	auto	ATXN7
12	auto	ATXN7
12	auto	ATXN7
12	auto	ATXN7
12	auto	ATXN7
12	auto	ATXN7
12	auto	ATXN7
12	auto	ATXN7
12	auto	ATXN7
12	auto	ATXN7
15	auto	RPL14
15	auto	RPL14
15	auto	RPL14
15	auto	RPL14
15	auto	RPL14
15	auto	RPL14
15	auto	RPL14
15	auto	RPL14
15	auto	RPL14
15	auto	RPL14
15	auto	RPL14
15	auto	RPL14
8	auto	RPL14
8	auto	RPL14
8	auto	RPL14
8	auto	RPL14
8	auto	RPL14
8	auto	RPL14
8	auto	RPL14
8	auto	RPL14
17	auto	HTT
21	auto	HTT
21	auto	HTT
17	auto	HTT
17	auto	HTT
17	auto	HTT
7	auto	ATXN7
10	auto	ATXN7
10	auto	ATXN7
10	auto	ATXN7
10	auto	ATXN7
10	auto	ATXN7
10	auto	ATXN7
10	auto	ATXN7
7	auto	ATXN7
10	auto	ATXN7
10	auto	ATXN7
10	auto	ATXN7
15	auto	RPL14
15	auto	RPL14
15	auto	RPL14
15	auto	RPL14
15	auto	RPL14
15	auto	RPL14
15	auto	RPL14
15	auto	RPL14
8	auto	RPL14
8	auto	RPL14
8	auto	RPL14
8	auto	RPL14
8	auto	RPL14
8	auto	RPL14
8	auto	RPL14
8	auto	RPL14
8	auto	RPL14
8	auto	RPL14
8	auto	RPL14
8	auto	RPL14
8	auto	RPL14
8	auto	RPL14
17	auto	HTT
21	auto	HTT
21	auto	HTT
21	auto	HTT
17	auto	HTT
17	auto	HTT
21	auto	HTT
21	auto	HTT
10	auto	ATXN7
10	auto	ATXN7
10	auto	ATXN7
10	auto	ATXN7
10	auto	ATXN7
12	auto	RPL14
13	auto	RPL14
12	auto	RPL14
12	auto	RPL14
12	auto	RPL14
13	auto	RPL14
13	auto	RPL14
8	auto	RPL14
8	auto	RPL14
8	auto	RPL14
8	auto	RPL14
8	auto	RPL14
8	auto	RPL14
8	auto	RPL14
20	auto	HTT
18	auto	HTT
18	auto	HTT
20	auto	HTT
20	auto	HTT
20	auto	HTT
20	auto	HTT
10	auto	ATXN7
10	auto	ATXN7
10	auto	ATXN7
12	auto	ATXN7
12	auto	ATXN7
13	auto	RPL14
13	auto	RPL14
12	auto	RPL14
13	auto	RPL14
13	auto	RPL14
13	auto	RPL14
8	auto	RPL14
8	auto	RPL14
19	auto	HTT
18	auto	HTT
18	auto	HTT
18	auto	HTT
20	auto	HTT
20	auto	HTT
18	auto	HTT
10	auto	ATXN7
12	auto	ATXN7
12	auto	ATXN7
12	auto	ATXN7
12	auto	ATXN7
10	auto	ATXN7
13	auto	ATXN7
15	auto	RPL14
14	auto	RPL14
10	auto	RPL14
10	auto	RPL14
8	auto	RPL14
8	auto	RPL14
8	auto	RPL14
8	auto	RPL14
8	auto	RPL14
8	auto	RPL14
8	auto	RPL14
8	auto	RPL14
8	auto	RPL14
8	auto	RPL14
9	auto	ATXN7
10	auto	ATXN7
8	auto	RPL14
10	auto	RPL14
10	auto	RPL14
10	auto	RPL14
10	auto	RPL14
15	auto	RPL14
10	auto	RPL14
8	auto	RPL14
8	auto	RPL14
8	auto	RPL14
8	auto	RPL14
8	auto	RPL14
8	auto	HTT
8	auto	RPL14
15	auto	RPL14
14	auto	RPL14
15	auto	RPL14
15	auto	RPL14
15	auto	RPL14
15	auto	RPL14
15	auto	RPL14
15	auto	RPL14
13	auto	RPL14
15	auto	RPL14
15	auto	RPL14
15	auto	RPL14
15	auto	RPL14
8	auto	RPL14
8	auto	RPL14
8	auto	RPL14
15	auto	RPL14
15	auto	RPL14
15	auto	RPL14
15	auto	RPL14
15	auto	RPL14
8	auto	RPL14
8	auto	RPL14
8	auto	RPL14
9	auto	RPL14
8	auto	RPL14
15	auto	HTT
9	auto	RPL14
9	auto	RPL14
15	auto	RPL14
9	auto	RPL14
15	auto	RPL14
9	auto	RPL14
8	auto	RPL14
8	auto	RPL14
9	auto	RPL14
9	auto	RPL14
8	auto	RPL14
9	auto	RPL14
9	auto	RPL14
17	auto	HTT
15	auto	RPL14
15	auto	RPL14
15	auto	RPL14
15	auto	RPL14
8	auto	RPL14
8	auto	RPL14
8	auto	RPL14
8	auto	RPL14
8	auto	RPL14
8	auto	RPL14
8	auto	RPL14
8	auto	RPL14
8	auto	RPL14
10	auto	ATXN7
15	auto	RPL14
15	auto	RPL14
8	auto	RPL14
8	auto	RPL14
8	auto	RPL14
8	auto	RPL14
8	auto	RPL14
10	auto	RPL14
10	auto	RPL14
8	auto	RPL14
8	auto	RPL14
8	auto	RPL14
18	auto	HTT
18	auto	HTT
18	auto	HTT
10	auto	ATXN7
10	auto	ATXN7
15	auto	RPL14
10	auto	RPL14
10	auto	RPL14
10	auto	RPL14
10	auto	RPL14
8	auto	RPL14
8	auto	RPL14
8	auto	RPL14
8	auto	RPL14
8	auto	RPL14
8	auto	RPL14
8	auto	RPL14
8	auto	RPL14
8	auto	RPL14
18	auto	HTT
18	auto	HTT
10	auto	ATXN7
12	auto	RPL14
13	auto	RPL14
13	auto	RPL14
15	auto	RPL14
8	auto	RPL14
8	auto	RPL14
8	auto	RPL14
8	auto	RPL14
8	auto	RPL14
8	auto	RPL14
8	auto	RPL14
8	auto	RPL14
8	auto	RPL14
8	auto	RPL14
8	auto	RPL14
8	auto	RPL14
8	auto	RPL14
8	auto	RPL14
17	auto	HTT
18	auto	HTT
18	auto	HTT
18	auto	HTT
10	auto	ATXN7
10	auto	ATXN7
10	auto	ATXN7
10	auto	ATXN7
10	auto	ATXN7
10	auto	ATXN7
15	auto	RPL14
15	auto	RPL14
13	auto	RPL14
13	auto	RPL14
8	auto	RPL14
8	auto	RPL14
8	auto	RPL14
8	auto	RPL14
8	auto	RPL14
8	auto	RPL14
8	auto	RPL14
18	auto	HTT
17	auto	HTT
10	auto	ATXN7
10	auto	ATXN7
10	auto	ATXN7
10	auto	ATXN7
10	auto	RPL14
10	auto	RPL14
15	auto	RPL14
10	auto	RPL14
9	auto	RPL14
10	auto	RPL14
15	auto	RPL14
10	auto	RPL14
10	auto	RPL14
10	auto	RPL14
17	auto	HTT
10	auto	RPL14
10	auto	RPL14
15	auto	RPL14
13	auto	RPL14
13	auto	RPL14
10	auto	RPL14
10	auto	RPL14
15	auto	RPL14
10	auto	RPL14
15	auto	RPL14
15	auto	RPL14
15	auto	RPL14
10	auto	RPL14
15	auto	RPL14
15	auto	RPL14
10	auto	RPL14
10	auto	RPL14
10	auto	RPL14
10	auto	RPL14
10	auto	RPL14
10	auto	RPL14
10	auto	RPL14
10	auto	RPL14
10	auto	RPL14
10	auto	RPL14
10	auto	RPL14
10	auto	RPL14
21	auto	HTT
12	auto	RPL14
8	auto	RPL14
8	auto	RPL14
8	auto	RPL14
8	auto	RPL14
8	auto	RPL14
8	auto	RPL14
12	auto	RPL14
12	auto	RPL14
12	auto	RPL14
12	auto	RPL14
12	auto	RPL14
11	auto	RPL14
12	auto	RPL14
12	auto	RPL14
8	auto	RPL14
8	auto	RPL14
8	auto	RPL14
8	auto	RPL14
8	auto	RPL14
8	auto	RPL14
8	auto	RPL14
20	auto	HTT
10	auto	ATXN7
10	auto	ATXN7
14	auto	RPL14
15	auto	RPL14
14	auto	RPL14
14	auto	RPL14
15	auto	RPL14
14	auto	RPL14
15	auto	RPL14
14	auto	RPL14
14	auto	RPL14
8	auto	RPL14
9	auto	RPL14
8	auto	RPL14
9	auto	RPL14
9	auto	RPL14
8	auto	RPL14
12	auto	HTT
12	auto	HTT
12	auto	HTT
17	auto	HTT
12	auto	HTT
12	auto	HTT
17	auto	HTT
12	auto	HTT
12	auto	HTT
12	auto	HTT
17	auto	HTT
17	auto	HTT
17	auto	HTT
12	auto	HTT
15	auto	ATXN7
15	auto	ATXN7
10	auto	ATXN7
10	auto	ATXN7
15	auto	ATXN7
15	auto	RPL14
14	auto	RPL14
15	auto	RPL14
15	auto	RPL14
14	auto	RPL14
14	auto	RPL14
15	auto	RPL14
15	auto	RPL14
9	auto	RPL14
8	auto	RPL14
8	auto	RPL14
9	auto	RPL14
9	auto	RPL14
17	auto	HTT
16	auto	HTT
12	auto	HTT
17	auto	HTT
12	auto	HTT
12	auto	HTT
12	auto	HTT
10	auto	ATXN7
15	auto	ATXN7
14	auto	RPL14
17	auto	RPL14
9	auto	RPL14
14	auto	RPL14
17	auto	RPL14
14	auto	RPL14
13	auto	RPL14
9	auto	RPL14
9	auto	RPL14
9	auto	RPL14
23	auto	HTT
17	auto	HTT
17	auto	HTT
17	auto	HTT
17	auto	RPL14
17	auto	RPL14
14	auto	RPL14
17	auto	RPL14
14	auto	RPL14
8	auto	RPL14
8	auto	RPL14
9	auto	RPL14
9	auto	RPL14
8	auto	RPL14
8	auto	RPL14
17	auto	HTT
17	auto	HTT
17	auto	HTT
10	auto	ATXN7
12	auto	RPL14
8	auto	RPL14
9	auto	RPL14
8	auto	RPL14
8	auto	RPL14
8	auto	RPL14
9	auto	RPL14
22	auto	HTT
22	auto	HTT
22	auto	HTT
10	auto	RPL14
10	auto	RPL14
8	auto	RPL14
8	auto	RPL14
8	auto	RPL14
8	auto	RPL14
12	auto	ATXN7
12	auto	RPL14
13	auto	RPL14
13	auto	RPL14
13	auto	RPL14
8	auto	RPL14
13	auto	RPL14
8	auto	RPL14
8	auto	RPL14
8	auto	RPL14
16	auto	HTT
10	auto	ATXN7
10	auto	ATXN7
8	auto	RPL14
13	auto	RPL14
13	auto	RPL14
13	auto	RPL14
13	auto	RPL14
16	auto	HTT
10	auto	ATXN7
13	auto	RPL14
13	auto	RPL14
13	auto	RPL14
13	auto	RPL14
10	auto	RPL14
13	auto	RPL14
8	auto	RPL14
8	auto	RPL14
8	auto	RPL14
8	auto	RPL14
8	auto	RPL14
23	auto	HTT
23	auto	HTT
21	auto	HTT
21	auto	HTT
10	auto	ATXN7
13	auto	RPL14
10	auto	RPL14
10	auto	RPL14
10	auto	RPL14
13	auto	RPL14
13	auto	RPL14
10	auto	RPL14
8	auto	RPL14
7	auto	RPL14
8	auto	RPL14
8	auto	RPL14
8	auto	RPL14
21	auto	HTT
23	auto	HTT
23	auto	HTT
23	auto	HTT
23	auto	HTT
23	auto	HTT
21	auto	HTT
10	auto	ATXN7
16	auto	RPL14
16	auto	RPL14
16	auto	RPL14
15	auto	RPL14
15	auto	RPL14
15	auto	RPL14
8	auto	RPL14
8	auto	RPL14
8	auto	RPL14
8	auto	RPL14
8	auto	RPL14
8	auto	RPL14
8	auto	RPL14
8	auto	RPL14
8	auto	RPL14
8	auto	RPL14
17	auto	HTT
17	auto	HTT
17	auto	HTT
17	auto	HTT
17	auto	HTT
17	auto	HTT
10	auto	ATXN7
10	auto	ATXN7
7	auto	ATXN7
7	auto	ATXN7
10	auto	ATXN7
10	auto	ATXN7
10	auto	ATXN7
10	auto	ATXN7
10	auto	ATXN7
10	auto	ATXN7
7	auto	ATXN7
10	auto	ATXN7
7	auto	ATXN7
10	auto	ATXN7
15	auto	RPL14
16	auto	RPL14
15	auto	RPL14
16	auto	RPL14
15	auto	RPL14
15	auto	RPL14
8	auto	RPL14
8	auto	RPL14
8	auto	RPL14
8	auto	RPL14
8	auto	RPL14
8	auto	RPL14
17	auto	HTT
17	auto	HTT
17	auto	HTT
7	auto	ATXN7
10	auto	ATXN7
13	auto	RPL14
12	auto	RPL14
15	auto	RPL14
15	auto	RPL14
15	auto	RPL14
13	auto	RPL14
13	auto	RPL14
15	auto	RPL14
13	auto	RPL14
13	auto	RPL14
13	auto	RPL14
15	auto	RPL14
8	auto	RPL14
13	auto	RPL14
13	auto	RPL14
13	auto	RPL14
15	auto	RPL14
15	auto	RPL14
15	auto	RPL14
8	auto	RPL14
8	auto	RPL14
8	auto	RPL14
8	auto	RPL14
8	auto	RPL14
8	auto	RPL14
8	auto	RPL14
8	auto	RPL14
8	auto	RPL14
8	auto	RPL14
8	auto	RPL14
8	auto	RPL14
10	auto	RPL14
13	auto	RPL14
14	auto	RPL14
14	auto	RPL14
14	auto	RPL14
13	auto	RPL14
10	auto	RPL14
10	auto	RPL14
10	auto	RPL14
14	auto	RPL14
10	auto	RPL14
10	auto	RPL14
10	auto	RPL14
8	auto	RPL14
7	auto	RPL14
10	auto	RPL14
10	auto	RPL14
10	auto	RPL14
10	auto	RPL14
14	auto	RPL14
14	auto	RPL14
10	auto	RPL14
8	auto	RPL14
8	auto	RPL14
8	auto	RPL14
8	auto	RPL14
8	auto	RPL14
8	auto	RPL14
8	auto	RPL14
8	auto	RPL14
8	auto	RPL14
17	auto	HTT
10	auto	ATXN7
