sample	variable	skewing	skewed
GTEX-1122O	GTEx - whole blood	76.2	not_skewed
GTEX-1128S	GTEx - whole blood	73.6	not_skewed
GTEX-113JC	GTEx - whole blood	57.9	not_skewed
GTEX-11DXX	GTEx - whole blood	67.3	not_skewed
GTEX-11EM3	GTEx - whole blood	59.5	not_skewed
GTEX-11EMC	GTEx - whole blood	96.6	skewed
GTEX-11I78	GTEx - whole blood	67.8	not_skewed
GTEX-11P81	GTEx - whole blood	67.5	not_skewed
GTEX-11TTK	GTEx - whole blood	82.9	skewed
GTEX-11VI4	GTEx - whole blood	77.6	not_skewed
GTEX-11XUK	GTEx - whole blood	67.4	not_skewed
GTEX-11ZTS	GTEx - whole blood	68.6	not_skewed
GTEX-11ZTT	GTEx - whole blood	62.2	not_skewed
GTEX-11ZVC	GTEx - whole blood	86.7	skewed
GTEX-1211K	GTEx - whole blood	67.8	not_skewed
GTEX-1269C	GTEx - whole blood	84.2	skewed
GTEX-12WS9	GTEx - whole blood	62.4	not_skewed
GTEX-12WSB	GTEx - whole blood	58.3	not_skewed
GTEX-12WSG	GTEx - whole blood	85.7	skewed
GTEX-12WSJ	GTEx - whole blood	58.7	not_skewed
GTEX-12WSK	GTEx - whole blood	85	skewed
GTEX-12ZZX	GTEx - whole blood	57.5	not_skewed
GTEX-13113	GTEx - whole blood	66.7	not_skewed
GTEX-1313W	GTEx - whole blood	72.2	not_skewed
GTEX-131XG	GTEx - whole blood	77.3	not_skewed
GTEX-131XW	GTEx - whole blood	97.6	skewed
GTEX-132AR	GTEx - whole blood	80	skewed
GTEX-1399S	GTEx - whole blood	61.1	not_skewed
GTEX-1399U	GTEx - whole blood	61	not_skewed
GTEX-139D8	GTEx - whole blood	70.6	not_skewed
GTEX-13CF3	GTEx - whole blood	83.8	skewed
GTEX-13FTX	GTEx - whole blood	75.5	not_skewed
GTEX-13FTY	GTEx - whole blood	90.6	skewed
GTEX-13JUV	GTEx - whole blood	71.4	not_skewed
GTEX-13OVI	GTEx - whole blood	58.3	not_skewed
GTEX-13PL7	GTEx - whole blood	80.9	skewed
GTEX-13PLJ	GTEx - whole blood	100	skewed
GTEX-13S7M	GTEx - whole blood	65.9	not_skewed
GTEX-13SLX	GTEx - whole blood	76.9	not_skewed
GTEX-13U4I	GTEx - whole blood	64.9	not_skewed
GTEX-13VXT	GTEx - whole blood	57.8	not_skewed
GTEX-13W3W	GTEx - whole blood	74.2	not_skewed
GTEX-147F3	GTEx - whole blood	89	skewed
GTEX-148VI	GTEx - whole blood	69.6	not_skewed
GTEX-14A5I	GTEx - whole blood	66.7	not_skewed
GTEX-14AS3	GTEx - whole blood	67.9	not_skewed
GTEX-14BIM	GTEx - whole blood	91.4	skewed
GTEX-14BIN	GTEx - whole blood	64.5	not_skewed
GTEX-14BMU	GTEx - whole blood	64.7	not_skewed
GTEX-14DAQ	GTEx - whole blood	84.6	skewed
GTEX-14H4A	GTEx - whole blood	87.5	skewed
GTEX-14JG6	GTEx - whole blood	57.7	not_skewed
GTEX-14LLW	GTEx - whole blood	60	not_skewed
GTEX-14LZ3	GTEx - whole blood	98.5	skewed
GTEX-14PHW	GTEx - whole blood	95	skewed
GTEX-14PHY	GTEx - whole blood	88.9	skewed
GTEX-14PJ5	GTEx - whole blood	63.6	not_skewed
GTEX-14PJ6	GTEx - whole blood	90	skewed
GTEX-14PK6	GTEx - whole blood	87.9	skewed
GTEX-14PKU	GTEx - whole blood	60.6	not_skewed
GTEX-14PKV	GTEx - whole blood	74.3	not_skewed
GTEX-14PN3	GTEx - whole blood	70	not_skewed
GTEX-14PQA	GTEx - whole blood	83.9	skewed
GTEX-14XAO	GTEx - whole blood	56.2	not_skewed
GTEX-15CHC	GTEx - whole blood	77.5	not_skewed
GTEX-15DCD	GTEx - whole blood	68.8	not_skewed
GTEX-15DYW	GTEx - whole blood	63.4	not_skewed
GTEX-15DZA	GTEx - whole blood	60.9	not_skewed
GTEX-15ETS	GTEx - whole blood	95.7	skewed
GTEX-15SB6	GTEx - whole blood	56.9	not_skewed
GTEX-15SDE	GTEx - whole blood	61.1	not_skewed
GTEX-16BQI	GTEx - whole blood	76.9	not_skewed
GTEX-16MT8	GTEx - whole blood	100	skewed
GTEX-16MT9	GTEx - whole blood	61.5	not_skewed
GTEX-16NGA	GTEx - whole blood	90	skewed
GTEX-16NPV	GTEx - whole blood	62.5	not_skewed
GTEX-17HG3	GTEx - whole blood	90.4	skewed
GTEX-17JCI	GTEx - whole blood	61	not_skewed
GTEX-183WM	GTEx - whole blood	83.8	skewed
GTEX-18A7A	GTEx - whole blood	66.7	not_skewed
GTEX-18D9A	GTEx - whole blood	57.6	not_skewed
GTEX-1A32A	GTEx - whole blood	85.5	skewed
GTEX-1A3MW	GTEx - whole blood	95.8	skewed
GTEX-1A8FM	GTEx - whole blood	58	not_skewed
GTEX-1AMEY	GTEx - whole blood	77.7	not_skewed
GTEX-1AMFI	GTEx - whole blood	68.7	not_skewed
GTEX-1B932	GTEx - whole blood	90.6	skewed
GTEX-1B97J	GTEx - whole blood	55.7	not_skewed
GTEX-1C475	GTEx - whole blood	97.5	skewed
GTEX-1CAMS	GTEx - whole blood	79	not_skewed
GTEX-1CB4H	GTEx - whole blood	58.3	not_skewed
GTEX-1EWIQ	GTEx - whole blood	57.5	not_skewed
GTEX-1F52S	GTEx - whole blood	57.1	not_skewed
GTEX-1F5PL	GTEx - whole blood	83.3	skewed
GTEX-1F7RK	GTEx - whole blood	57.9	not_skewed
GTEX-1F88E	GTEx - whole blood	95.8	skewed
GTEX-1F88F	GTEx - whole blood	62.5	not_skewed
GTEX-1GF9U	GTEx - whole blood	94	skewed
GTEX-1GF9X	GTEx - whole blood	72.4	not_skewed
GTEX-1GN1W	GTEx - whole blood	70.6	not_skewed
GTEX-1GZ4H	GTEx - whole blood	66.7	not_skewed
GTEX-1GZHY	GTEx - whole blood	72.9	not_skewed
GTEX-1H1CY	GTEx - whole blood	71.4	not_skewed
GTEX-1H1DF	GTEx - whole blood	64	not_skewed
GTEX-1H2FU	GTEx - whole blood	69.3	not_skewed
GTEX-1HBPH	GTEx - whole blood	65	not_skewed
GTEX-1HBPM	GTEx - whole blood	77.8	not_skewed
GTEX-1HC8U	GTEx - whole blood	54.5	not_skewed
GTEX-1HCU8	GTEx - whole blood	93.5	skewed
GTEX-1HCUA	GTEx - whole blood	74	not_skewed
GTEX-1HFI7	GTEx - whole blood	92.1	skewed
GTEX-1HSGN	GTEx - whole blood	64.5	not_skewed
GTEX-1I1CD	GTEx - whole blood	85.7	skewed
GTEX-1I1GT	GTEx - whole blood	59.8	not_skewed
GTEX-1I4MK	GTEx - whole blood	95.7	skewed
GTEX-1ICG6	GTEx - whole blood	75	not_skewed
GTEX-1IDJE	GTEx - whole blood	83.7	skewed
GTEX-1IDJI	GTEx - whole blood	72.7	not_skewed
GTEX-1IDJU	GTEx - whole blood	76.1	not_skewed
GTEX-1IE54	GTEx - whole blood	72.7	not_skewed
GTEX-1IKOE	GTEx - whole blood	72.7	not_skewed
GTEX-1IKOH	GTEx - whole blood	98.6	skewed
GTEX-1J8EW	GTEx - whole blood	71.9	not_skewed
GTEX-1J8JJ	GTEx - whole blood	67.9	not_skewed
GTEX-1J8QM	GTEx - whole blood	82.8	skewed
GTEX-1JMOU	GTEx - whole blood	54.8	not_skewed
GTEX-1JMQL	GTEx - whole blood	80.4	skewed
GTEX-1JN1M	GTEx - whole blood	59.5	not_skewed
GTEX-1JN76	GTEx - whole blood	59.2	not_skewed
GTEX-1K9T9	GTEx - whole blood	67.4	not_skewed
GTEX-1KANC	GTEx - whole blood	57.1	not_skewed
GTEX-1LGOU	GTEx - whole blood	62.3	not_skewed
GTEX-1LH75	GTEx - whole blood	90.3	skewed
GTEX-1LKK1	GTEx - whole blood	88.4	skewed
GTEX-1LNCM	GTEx - whole blood	58.8	not_skewed
GTEX-1LVAM	GTEx - whole blood	64.7	not_skewed
GTEX-1LVAN	GTEx - whole blood	81.8	skewed
GTEX-1MA7W	GTEx - whole blood	66.7	not_skewed
GTEX-1MCC2	GTEx - whole blood	91.1	skewed
GTEX-1MCYP	GTEx - whole blood	68.1	not_skewed
GTEX-1NUQO	GTEx - whole blood	65	not_skewed
GTEX-1OJC4	GTEx - whole blood	69.2	not_skewed
GTEX-1PBJI	GTEx - whole blood	74.2	not_skewed
GTEX-1PIEJ	GTEx - whole blood	77.3	not_skewed
GTEX-1POEN	GTEx - whole blood	66.3	not_skewed
GTEX-1QCLZ	GTEx - whole blood	72.2	not_skewed
GTEX-1QEPI	GTEx - whole blood	67.3	not_skewed
GTEX-1QP28	GTEx - whole blood	92	skewed
GTEX-1QP67	GTEx - whole blood	57.9	not_skewed
GTEX-1QPFJ	GTEx - whole blood	66.7	not_skewed
GTEX-1R46S	GTEx - whole blood	95.1	skewed
GTEX-1R9JW	GTEx - whole blood	59.6	not_skewed
GTEX-1R9PN	GTEx - whole blood	61.4	not_skewed
GTEX-1R9PO	GTEx - whole blood	54.5	not_skewed
GTEX-1RDX4	GTEx - whole blood	70.4	not_skewed
GTEX-1RNTQ	GTEx - whole blood	70.3	not_skewed
GTEX-1S5ZU	GTEx - whole blood	67.9	not_skewed
GTEX-1S82P	GTEx - whole blood	58.3	not_skewed
GTEX-1S82U	GTEx - whole blood	82.7	skewed
GTEX-1S82Z	GTEx - whole blood	75	not_skewed
GTEX-NL3G	GTEx - whole blood	69.2	not_skewed
GTEX-OHPL	GTEx - whole blood	57.1	not_skewed
GTEX-OHPN	GTEx - whole blood	73.1	not_skewed
GTEX-P78B	GTEx - whole blood	68.6	not_skewed
GTEX-POMQ	GTEx - whole blood	62.5	not_skewed
GTEX-PWCY	GTEx - whole blood	62.5	not_skewed
GTEX-PWN1	GTEx - whole blood	87.5	skewed
GTEX-PWO3	GTEx - whole blood	73.6	not_skewed
GTEX-PX3G	GTEx - whole blood	66.7	not_skewed
GTEX-QCQG	GTEx - whole blood	58.6	not_skewed
GTEX-R45C	GTEx - whole blood	72.2	not_skewed
GTEX-S4P3	GTEx - whole blood	96.3	skewed
GTEX-SN8G	GTEx - whole blood	93.9	skewed
GTEX-TML8	GTEx - whole blood	71.4	not_skewed
GTEX-TMMY	GTEx - whole blood	58.7	not_skewed
GTEX-UJHI	GTEx - whole blood	58.1	not_skewed
GTEX-UPIC	GTEx - whole blood	100	skewed
GTEX-VJWN	GTEx - whole blood	94.1	skewed
GTEX-WI4N	GTEx - whole blood	58.3	not_skewed
GTEX-WRHK	GTEx - whole blood	61.5	not_skewed
GTEX-WRHU	GTEx - whole blood	57.4	not_skewed
GTEX-WXYG	GTEx - whole blood	58.3	not_skewed
GTEX-WYBS	GTEx - whole blood	82.8	skewed
GTEX-X638	GTEx - whole blood	85.7	skewed
GTEX-X8HC	GTEx - whole blood	68.7	not_skewed
GTEX-XMD2	GTEx - whole blood	74.3	not_skewed
GTEX-XOT4	GTEx - whole blood	79.3	not_skewed
GTEX-XUJ4	GTEx - whole blood	100	skewed
GTEX-XUW1	GTEx - whole blood	68.6	not_skewed
GTEX-XUZC	GTEx - whole blood	64.8	not_skewed
GTEX-XV7Q	GTEx - whole blood	72.4	not_skewed
GTEX-XYKS	GTEx - whole blood	57.1	not_skewed
GTEX-Y3IK	GTEx - whole blood	58.6	not_skewed
GTEX-Y5LM	GTEx - whole blood	70.8	not_skewed
GTEX-Y5V5	GTEx - whole blood	60	not_skewed
GTEX-Y8LW	GTEx - whole blood	57.1	not_skewed
GTEX-YB5K	GTEx - whole blood	57.3	not_skewed
GTEX-YBZK	GTEx - whole blood	66.7	not_skewed
GTEX-ZC5H	GTEx - whole blood	60.7	not_skewed
GTEX-ZE7O	GTEx - whole blood	73.3	not_skewed
GTEX-ZF29	GTEx - whole blood	87.1	skewed
GTEX-ZF2S	GTEx - whole blood	60.7	not_skewed
GTEX-ZF3C	GTEx - whole blood	94.7	skewed
GTEX-ZGAY	GTEx - whole blood	58.6	not_skewed
GTEX-ZLV1	GTEx - whole blood	68	not_skewed
GTEX-ZP4G	GTEx - whole blood	78.5	not_skewed
GTEX-ZPCL	GTEx - whole blood	67.9	not_skewed
GTEX-ZTPG	GTEx - whole blood	76.7	not_skewed
GTEX-ZV68	GTEx - whole blood	82.2	skewed
GTEX-ZVT2	GTEx - whole blood	64.9	not_skewed
GTEX-ZVT3	GTEx - whole blood	57.1	not_skewed
GTEX-ZVT4	GTEx - whole blood	77.8	not_skewed
GTEX-ZVZQ	GTEx - whole blood	71.7	not_skewed
GTEX-ZXES	GTEx - whole blood	87.5	skewed
205766	TRiXi - whole blood	59.233	not_skewed
300008	TRiXi - whole blood	66.067	not_skewed
300036	TRiXi - whole blood	55.2	not_skewed
300046	TRiXi - whole blood	58.9	not_skewed
300049	TRiXi - whole blood	56.867	not_skewed
300053	TRiXi - whole blood	70.1	not_skewed
300055	TRiXi - whole blood	62.133	not_skewed
300063	TRiXi - whole blood	56.3	not_skewed
300069	TRiXi - whole blood	81.7	skewed
300074	TRiXi - whole blood	53.033	not_skewed
300077	TRiXi - whole blood	72.433	not_skewed
300079	TRiXi - whole blood	59.2	not_skewed
300085	TRiXi - whole blood	70.6	not_skewed
300086	TRiXi - whole blood	60.867	not_skewed
300087	TRiXi - whole blood	81.667	skewed
300089	TRiXi - whole blood	52.8	not_skewed
300091	TRiXi - whole blood	64	not_skewed
300093	TRiXi - whole blood	57.4	not_skewed
300098	TRiXi - whole blood	77.9	not_skewed
300100	TRiXi - whole blood	68.9	not_skewed
300115	TRiXi - whole blood	53.033	not_skewed
300120	TRiXi - whole blood	56.033	not_skewed
300133	TRiXi - whole blood	53.1	not_skewed
300137	TRiXi - whole blood	84.3	skewed
300146	TRiXi - whole blood	52.7	not_skewed
300151	TRiXi - whole blood	72.2	not_skewed
300154	TRiXi - whole blood	54.5	not_skewed
300156	TRiXi - whole blood	79.567	not_skewed
300159	TRiXi - whole blood	64.1	not_skewed
300162	TRiXi - whole blood	59.7	not_skewed
300172	TRiXi - whole blood	56.7	not_skewed
300173	TRiXi - whole blood	50.4	not_skewed
300177	TRiXi - whole blood	70.7	not_skewed
300178	TRiXi - whole blood	58.967	not_skewed
300184	TRiXi - whole blood	59.3	not_skewed
300186	TRiXi - whole blood	60.533	not_skewed
300188	TRiXi - whole blood	53.5	not_skewed
300190	TRiXi - whole blood	56.467	not_skewed
300191	TRiXi - whole blood	50.867	not_skewed
300195	TRiXi - whole blood	63.7	not_skewed
300199	TRiXi - whole blood	78.6	not_skewed
300200	TRiXi - whole blood	64.667	not_skewed
300205	TRiXi - whole blood	53.2	not_skewed
300207	TRiXi - whole blood	55.033	not_skewed
300211	TRiXi - whole blood	55.233	not_skewed
300212	TRiXi - whole blood	66.2	not_skewed
300214	TRiXi - whole blood	50.3	not_skewed
300215	TRiXi - whole blood	63.7	not_skewed
300216	TRiXi - whole blood	50.2	not_skewed
300223	TRiXi - whole blood	59.967	not_skewed
300226	TRiXi - whole blood	72.6	not_skewed
300236	TRiXi - whole blood	54.4	not_skewed
300239	TRiXi - whole blood	61.533	not_skewed
300242	TRiXi - whole blood	63.3	not_skewed
300244	TRiXi - whole blood	56.533	not_skewed
300247	TRiXi - whole blood	67	not_skewed
300259	TRiXi - whole blood	56.8	not_skewed
300285	TRiXi - whole blood	89.6	skewed
300318	TRiXi - whole blood	50.833	not_skewed
300329	TRiXi - whole blood	56.467	not_skewed
300332	TRiXi - whole blood	51.4	not_skewed
300402	TRiXi - whole blood	66.4	not_skewed
300417	TRiXi - whole blood	54.033	not_skewed
300418	TRiXi - whole blood	53.9	not_skewed
300431	TRiXi - whole blood	63.7	not_skewed
300432	TRiXi - whole blood	57.1	not_skewed
300435	TRiXi - whole blood	61.7	not_skewed
300444	TRiXi - whole blood	52.2	not_skewed
300450	TRiXi - whole blood	61.867	not_skewed
300454	TRiXi - whole blood	57.2	not_skewed
300455	TRiXi - whole blood	70.967	not_skewed
300457	TRiXi - whole blood	52.467	not_skewed
300459	TRiXi - whole blood	62.6	not_skewed
300463	TRiXi - whole blood	67.9	not_skewed
300468	TRiXi - whole blood	51.033	not_skewed
300476	TRiXi - whole blood	55.9	not_skewed
300480	TRiXi - whole blood	63.5	not_skewed
300496	TRiXi - whole blood	54.4	not_skewed
300498	TRiXi - whole blood	61.4	not_skewed
300513	TRiXi - whole blood	64.433	not_skewed
300515	TRiXi - whole blood	85.8	skewed
300516	TRiXi - whole blood	55.033	not_skewed
300517	TRiXi - whole blood	55.2	not_skewed
300521	TRiXi - whole blood	61.833	not_skewed
300523	TRiXi - whole blood	58.9	not_skewed
300524	TRiXi - whole blood	54.4	not_skewed
300528	TRiXi - whole blood	58.467	not_skewed
300530	TRiXi - whole blood	68.3	not_skewed
300537	TRiXi - whole blood	52.3	not_skewed
300540	TRiXi - whole blood	57.8	not_skewed
300541	TRiXi - whole blood	64.167	not_skewed
300543	TRiXi - whole blood	52.4	not_skewed
300547	TRiXi - whole blood	51.2	not_skewed
300549	TRiXi - whole blood	70.4	not_skewed
300551	TRiXi - whole blood	52.2	not_skewed
300554	TRiXi - whole blood	56.033	not_skewed
300555	TRiXi - whole blood	54.333	not_skewed
300556	TRiXi - whole blood	63.9	not_skewed
300558	TRiXi - whole blood	57.367	not_skewed
300559	TRiXi - whole blood	64	not_skewed
300562	TRiXi - whole blood	67	not_skewed
300566	TRiXi - whole blood	53.6	not_skewed
300567	TRiXi - whole blood	54.1	not_skewed
300568	TRiXi - whole blood	59.7	not_skewed
300570	TRiXi - whole blood	60.8	not_skewed
300578	TRiXi - whole blood	57.533	not_skewed
300600	TRiXi - whole blood	64.567	not_skewed
300609	TRiXi - whole blood	56.8	not_skewed
300616	TRiXi - whole blood	54.533	not_skewed
300617	TRiXi - whole blood	72.5	not_skewed
300619	TRiXi - whole blood	58.133	not_skewed
300623	TRiXi - whole blood	59.5	not_skewed
300845	TRiXi - whole blood	63.033	not_skewed
300848	TRiXi - whole blood	78	not_skewed
300850	TRiXi - whole blood	56.633	not_skewed
300855	TRiXi - whole blood	52.2	not_skewed
300860	TRiXi - whole blood	54.167	not_skewed
300862	TRiXi - whole blood	66.033	not_skewed
300868	TRiXi - whole blood	55.2	not_skewed
300869	TRiXi - whole blood	62.4	not_skewed
300878	TRiXi - whole blood	60.233	not_skewed
300880	TRiXi - whole blood	55.633	not_skewed
300882	TRiXi - whole blood	60.8	not_skewed
300884	TRiXi - whole blood	65	not_skewed
300891	TRiXi - whole blood	64.3	not_skewed
300896	TRiXi - whole blood	69.9	not_skewed
300899	TRiXi - whole blood	55.367	not_skewed
300907	TRiXi - whole blood	62.1	not_skewed
300908	TRiXi - whole blood	63.6	not_skewed
300910	TRiXi - whole blood	62.367	not_skewed
300911	TRiXi - whole blood	54.233	not_skewed
300912	TRiXi - whole blood	53.967	not_skewed
300915	TRiXi - whole blood	55.8	not_skewed
300922	TRiXi - whole blood	55.033	not_skewed
300926	TRiXi - whole blood	66.4	not_skewed
300928	TRiXi - whole blood	50.467	not_skewed
300935	TRiXi - whole blood	63.967	not_skewed
300941	TRiXi - whole blood	57.4	not_skewed
300946	TRiXi - whole blood	56.3	not_skewed
300955	TRiXi - whole blood	50.6	not_skewed
300957	TRiXi - whole blood	76.3	not_skewed
300962	TRiXi - whole blood	55.1	not_skewed
300963	TRiXi - whole blood	54.833	not_skewed
300966	TRiXi - whole blood	55.6	not_skewed
300968	TRiXi - whole blood	51.4	not_skewed
300972	TRiXi - whole blood	62.3	not_skewed
300974	TRiXi - whole blood	65.1	not_skewed
300975	TRiXi - whole blood	61.667	not_skewed
300978	TRiXi - whole blood	53.6	not_skewed
300992	TRiXi - whole blood	58.9	not_skewed
300996	TRiXi - whole blood	70.667	not_skewed
301000	TRiXi - whole blood	59.767	not_skewed
301001	TRiXi - whole blood	89.9	skewed
301003	TRiXi - whole blood	55.9	not_skewed
301007	TRiXi - whole blood	60.833	not_skewed
301009	TRiXi - whole blood	57.8	not_skewed
301013	TRiXi - whole blood	53	not_skewed
301014	TRiXi - whole blood	57	not_skewed
301015	TRiXi - whole blood	62.367	not_skewed
301021	TRiXi - whole blood	53.5	not_skewed
301024	TRiXi - whole blood	53.8	not_skewed
301025	TRiXi - whole blood	61.233	not_skewed
301028	TRiXi - whole blood	70	not_skewed
301032	TRiXi - whole blood	66.233	not_skewed
301033	TRiXi - whole blood	74.5	not_skewed
301039	TRiXi - whole blood	56.233	not_skewed
301042	TRiXi - whole blood	50.767	not_skewed
301045	TRiXi - whole blood	53.967	not_skewed
301052	TRiXi - whole blood	55.2	not_skewed
301064	TRiXi - whole blood	53.1	not_skewed
301065	TRiXi - whole blood	60.967	not_skewed
301086	TRiXi - whole blood	57.1	not_skewed
301088	TRiXi - whole blood	71.233	not_skewed
301091	TRiXi - whole blood	55.1	not_skewed
301092	TRiXi - whole blood	63.467	not_skewed
301095	TRiXi - whole blood	51.6	not_skewed
301099	TRiXi - whole blood	64.2	not_skewed
301102	TRiXi - whole blood	51.6	not_skewed
301104	TRiXi - whole blood	73.767	not_skewed
301105	TRiXi - whole blood	52.533	not_skewed
301106	TRiXi - whole blood	55.333	not_skewed
301107	TRiXi - whole blood	62.133	not_skewed
301111	TRiXi - whole blood	51.4	not_skewed
301116	TRiXi - whole blood	52.5	not_skewed
301121	TRiXi - whole blood	61.3	not_skewed
301125	TRiXi - whole blood	66.9	not_skewed
301127	TRiXi - whole blood	52.167	not_skewed
301134	TRiXi - whole blood	50.867	not_skewed
301139	TRiXi - whole blood	64.2	not_skewed
301140	TRiXi - whole blood	50.4	not_skewed
301143	TRiXi - whole blood	55	not_skewed
301144	TRiXi - whole blood	52.3	not_skewed
301149	TRiXi - whole blood	62.4	not_skewed
301150	TRiXi - whole blood	55.1	not_skewed
301151	TRiXi - whole blood	66.8	not_skewed
301152	TRiXi - whole blood	57	not_skewed
301154	TRiXi - whole blood	58.3	not_skewed
301160	TRiXi - whole blood	53.4	not_skewed
301168	TRiXi - whole blood	66.8	not_skewed
301170	TRiXi - whole blood	74.033	not_skewed
301173	TRiXi - whole blood	59.4	not_skewed
301184	TRiXi - whole blood	52.467	not_skewed
301190	TRiXi - whole blood	60.867	not_skewed
301191	TRiXi - whole blood	65.767	not_skewed
301195	TRiXi - whole blood	54.6	not_skewed
301197	TRiXi - whole blood	51	not_skewed
301198	TRiXi - whole blood	63.5	not_skewed
301202	TRiXi - whole blood	54.533	not_skewed
301206	TRiXi - whole blood	53	not_skewed
301209	TRiXi - whole blood	72.1	not_skewed
301213	TRiXi - whole blood	88.6	skewed
301215	TRiXi - whole blood	61.533	not_skewed
301217	TRiXi - whole blood	58.8	not_skewed
301227	TRiXi - whole blood	87.767	skewed
301228	TRiXi - whole blood	51.467	not_skewed
301234	TRiXi - whole blood	70.3	not_skewed
301236	TRiXi - whole blood	64.333	not_skewed
301239	TRiXi - whole blood	65.6	not_skewed
301245	TRiXi - whole blood	55.367	not_skewed
301252	TRiXi - whole blood	54	not_skewed
301255	TRiXi - whole blood	54.4	not_skewed
301262	TRiXi - whole blood	58.3	not_skewed
301273	TRiXi - whole blood	61.033	not_skewed
301276	TRiXi - whole blood	55.6	not_skewed
301282	TRiXi - whole blood	57.533	not_skewed
301284	TRiXi - whole blood	54.1	not_skewed
301295	TRiXi - whole blood	50.4	not_skewed
301297	TRiXi - whole blood	50.4	not_skewed
301356	TRiXi - whole blood	59.4	not_skewed
301359	TRiXi - whole blood	52.2	not_skewed
301363	TRiXi - whole blood	95.4	skewed
301374	TRiXi - whole blood	65.167	not_skewed
301381	TRiXi - whole blood	56.3	not_skewed
301383	TRiXi - whole blood	74.5	not_skewed
301385	TRiXi - whole blood	59.2	not_skewed
301394	TRiXi - whole blood	55	not_skewed
301402	TRiXi - whole blood	74.3	not_skewed
301406	TRiXi - whole blood	56.2	not_skewed
301410	TRiXi - whole blood	63.167	not_skewed
301411	TRiXi - whole blood	77.6	not_skewed
301414	TRiXi - whole blood	77.667	not_skewed
301423	TRiXi - whole blood	51.367	not_skewed
301425	TRiXi - whole blood	79.6	not_skewed
301435	TRiXi - whole blood	86.4	skewed
301443	TRiXi - whole blood	64.767	not_skewed
301445	TRiXi - whole blood	66.6	not_skewed
301446	TRiXi - whole blood	64.3	not_skewed
301447	TRiXi - whole blood	72.7	not_skewed
301456	TRiXi - whole blood	54.4	not_skewed
301458	TRiXi - whole blood	58.3	not_skewed
301462	TRiXi - whole blood	59.1	not_skewed
301463	TRiXi - whole blood	59	not_skewed
301464	TRiXi - whole blood	60.9	not_skewed
301465	TRiXi - whole blood	71	not_skewed
301472	TRiXi - whole blood	57.2	not_skewed
301478	TRiXi - whole blood	66.433	not_skewed
301481	TRiXi - whole blood	73.8	not_skewed
301494	TRiXi - whole blood	53.5	not_skewed
301495	TRiXi - whole blood	50.9	not_skewed
301501	TRiXi - whole blood	64.833	not_skewed
301502	TRiXi - whole blood	65.4	not_skewed
301510	TRiXi - whole blood	53.9	not_skewed
301511	TRiXi - whole blood	55.3	not_skewed
301520	TRiXi - whole blood	70.333	not_skewed
301521	TRiXi - whole blood	84.3	skewed
301526	TRiXi - whole blood	56.9	not_skewed
301528	TRiXi - whole blood	57.667	not_skewed
301534	TRiXi - whole blood	80.1	skewed
301539	TRiXi - whole blood	54.7	not_skewed
301540	TRiXi - whole blood	61.4	not_skewed
301543	TRiXi - whole blood	58.7	not_skewed
301546	TRiXi - whole blood	58.767	not_skewed
301548	TRiXi - whole blood	55.6	not_skewed
301549	TRiXi - whole blood	64.2	not_skewed
301555	TRiXi - whole blood	55.6	not_skewed
301556	TRiXi - whole blood	66.7	not_skewed
301558	TRiXi - whole blood	52.533	not_skewed
301559	TRiXi - whole blood	64.2	not_skewed
301560	TRiXi - whole blood	78.1	not_skewed
301564	TRiXi - whole blood	69.667	not_skewed
301570	TRiXi - whole blood	60.233	not_skewed
301574	TRiXi - whole blood	69.7	not_skewed
301576	TRiXi - whole blood	57	not_skewed
301592	TRiXi - whole blood	58.5	not_skewed
302504	TRiXi - whole blood	52.325	not_skewed
302632	TRiXi - whole blood	65.5	not_skewed
302701	TRiXi - whole blood	62.467	not_skewed
302707	TRiXi - whole blood	75.2	not_skewed
302708	TRiXi - whole blood	58.5	not_skewed
302709	TRiXi - whole blood	61.1	not_skewed
302712	TRiXi - whole blood	61.9	not_skewed
302714	TRiXi - whole blood	55.5	not_skewed
302715	TRiXi - whole blood	68.9	not_skewed
302716	TRiXi - whole blood	65.4	not_skewed
302717	TRiXi - whole blood	69.7	not_skewed
302722	TRiXi - whole blood	51.033	not_skewed
302724	TRiXi - whole blood	56	not_skewed
302727	TRiXi - whole blood	60.4	not_skewed
302730	TRiXi - whole blood	56.533	not_skewed
302733	TRiXi - whole blood	57.033	not_skewed
302734	TRiXi - whole blood	68.4	not_skewed
302739	TRiXi - whole blood	76.967	not_skewed
302740	TRiXi - whole blood	57.2	not_skewed
302753	TRiXi - whole blood	55.233	not_skewed
302754	TRiXi - whole blood	51.767	not_skewed
302757	TRiXi - whole blood	77.6	not_skewed
302766	TRiXi - whole blood	54	not_skewed
302767	TRiXi - whole blood	53.6	not_skewed
302806	TRiXi - whole blood	50.6	not_skewed
302815	TRiXi - whole blood	63.2	not_skewed
302825	TRiXi - whole blood	84.7	skewed
302828	TRiXi - whole blood	58.6	not_skewed
302830	TRiXi - whole blood	52.1	not_skewed
302838	TRiXi - whole blood	59	not_skewed
302843	TRiXi - whole blood	59.5	not_skewed
302851	TRiXi - whole blood	56.2	not_skewed
302852	TRiXi - whole blood	50.667	not_skewed
302856	TRiXi - whole blood	63.8	not_skewed
302858	TRiXi - whole blood	53.3	not_skewed
302860	TRiXi - whole blood	58.7	not_skewed
302862	TRiXi - whole blood	54.233	not_skewed
302863	TRiXi - whole blood	56.1	not_skewed
302864	TRiXi - whole blood	53.3	not_skewed
302868	TRiXi - whole blood	53.6	not_skewed
302871	TRiXi - whole blood	53.7	not_skewed
302873	TRiXi - whole blood	60	not_skewed
302878	TRiXi - whole blood	52.2	not_skewed
302880	TRiXi - whole blood	77.3	not_skewed
302885	TRiXi - whole blood	61.233	not_skewed
302889	TRiXi - whole blood	54.9	not_skewed
302903	TRiXi - whole blood	56.033	not_skewed
302939	TRiXi - whole blood	55.7	not_skewed
302966	TRiXi - whole blood	51.867	not_skewed
302977	TRiXi - whole blood	65.3	not_skewed
302980	TRiXi - whole blood	74.833	not_skewed
302986	TRiXi - whole blood	56.8	not_skewed
303005	TRiXi - whole blood	58.1	not_skewed
303008	TRiXi - whole blood	53.2	not_skewed
303013	TRiXi - whole blood	65.8	not_skewed
303023	TRiXi - whole blood	66.6	not_skewed
303031	TRiXi - whole blood	70.6	not_skewed
303037	TRiXi - whole blood	53.533	not_skewed
303044	TRiXi - whole blood	57.1	not_skewed
303047	TRiXi - whole blood	62.367	not_skewed
303197	TRiXi - whole blood	75.5	not_skewed
303201	TRiXi - whole blood	54.533	not_skewed
303202	TRiXi - whole blood	51.8	not_skewed
303208	TRiXi - whole blood	63.967	not_skewed
303214	TRiXi - whole blood	73.333	not_skewed
303220	TRiXi - whole blood	60.3	not_skewed
303224	TRiXi - whole blood	60.4	not_skewed
303227	TRiXi - whole blood	67.167	not_skewed
303234	TRiXi - whole blood	59.1	not_skewed
303235	TRiXi - whole blood	73.2	not_skewed
303271	TRiXi - whole blood	64.567	not_skewed
303282	TRiXi - whole blood	57.6	not_skewed
303286	TRiXi - whole blood	53.9	not_skewed
303294	TRiXi - whole blood	61.7	not_skewed
303299	TRiXi - whole blood	53.967	not_skewed
303307	TRiXi - whole blood	54.533	not_skewed
303402	TRiXi - whole blood	63.7	not_skewed
303411	TRiXi - whole blood	67.9	not_skewed
303419	TRiXi - whole blood	93.3	skewed
303420	TRiXi - whole blood	75.333	not_skewed
303422	TRiXi - whole blood	77.6	not_skewed
303423	TRiXi - whole blood	64	not_skewed
303428	TRiXi - whole blood	59.9	not_skewed
303432	TRiXi - whole blood	56.1	not_skewed
303435	TRiXi - whole blood	56.1	not_skewed
303438	TRiXi - whole blood	57.467	not_skewed
303439	TRiXi - whole blood	58.367	not_skewed
303440	TRiXi - whole blood	74	not_skewed
303455	TRiXi - whole blood	58.9	not_skewed
303457	TRiXi - whole blood	57.9	not_skewed
303459	TRiXi - whole blood	50.8	not_skewed
303466	TRiXi - whole blood	68.567	not_skewed
303467	TRiXi - whole blood	66.8	not_skewed
303476	TRiXi - whole blood	55	not_skewed
303479	TRiXi - whole blood	64.2	not_skewed
303486	TRiXi - whole blood	65.767	not_skewed
303497	TRiXi - whole blood	52.467	not_skewed
303499	TRiXi - whole blood	57.4	not_skewed
303500	TRiXi - whole blood	63.7	not_skewed
303502	TRiXi - whole blood	65.833	not_skewed
303503	TRiXi - whole blood	56.833	not_skewed
303504	TRiXi - whole blood	53.133	not_skewed
303505	TRiXi - whole blood	59.667	not_skewed
303510	TRiXi - whole blood	53.7	not_skewed
303517	TRiXi - whole blood	58.967	not_skewed
303518	TRiXi - whole blood	55.233	not_skewed
303523	TRiXi - whole blood	61.9	not_skewed
303544	TRiXi - whole blood	54.2	not_skewed
303616	TRiXi - whole blood	55.033	not_skewed
303620	TRiXi - whole blood	52.4	not_skewed
303628	TRiXi - whole blood	50.9	not_skewed
303630	TRiXi - whole blood	63.933	not_skewed
303632	TRiXi - whole blood	53.4	not_skewed
303636	TRiXi - whole blood	71.9	not_skewed
303637	TRiXi - whole blood	53.367	not_skewed
303638	TRiXi - whole blood	53.033	not_skewed
303640	TRiXi - whole blood	85.7	skewed
303646	TRiXi - whole blood	56.3	not_skewed
303648	TRiXi - whole blood	67.9	not_skewed
303653	TRiXi - whole blood	67.3	not_skewed
303655	TRiXi - whole blood	76.7	not_skewed
303657	TRiXi - whole blood	65.433	not_skewed
303660	TRiXi - whole blood	53.9	not_skewed
303663	TRiXi - whole blood	69.3	not_skewed
303664	TRiXi - whole blood	66.2	not_skewed
303666	TRiXi - whole blood	69.4	not_skewed
303670	TRiXi - whole blood	82.5	skewed
303671	TRiXi - whole blood	62	not_skewed
303672	TRiXi - whole blood	75.3	not_skewed
303673	TRiXi - whole blood	53.3	not_skewed
303675	TRiXi - whole blood	71.333	not_skewed
303681	TRiXi - whole blood	62	not_skewed
303682	TRiXi - whole blood	51.9	not_skewed
303683	TRiXi - whole blood	63.1	not_skewed
303684	TRiXi - whole blood	87.5	skewed
303686	TRiXi - whole blood	82.5	skewed
303688	TRiXi - whole blood	72.4	not_skewed
303690	TRiXi - whole blood	59.333	not_skewed
303695	TRiXi - whole blood	70.667	not_skewed
303699	TRiXi - whole blood	57.233	not_skewed
303703	TRiXi - whole blood	83.1	skewed
303704	TRiXi - whole blood	50.3	not_skewed
303712	TRiXi - whole blood	62.4	not_skewed
303713	TRiXi - whole blood	80.5	skewed
303714	TRiXi - whole blood	65.333	not_skewed
303717	TRiXi - whole blood	51.3	not_skewed
303718	TRiXi - whole blood	64.7	not_skewed
303730	TRiXi - whole blood	57.967	not_skewed
303737	TRiXi - whole blood	64.2	not_skewed
303740	TRiXi - whole blood	56.9	not_skewed
303745	TRiXi - whole blood	56.133	not_skewed
303756	TRiXi - whole blood	54.6	not_skewed
303757	TRiXi - whole blood	64.6	not_skewed
303762	TRiXi - whole blood	72.5	not_skewed
303767	TRiXi - whole blood	62.9	not_skewed
303768	TRiXi - whole blood	58.5	not_skewed
303772	TRiXi - whole blood	64.967	not_skewed
303773	TRiXi - whole blood	51.5	not_skewed
303778	TRiXi - whole blood	54.7	not_skewed
303786	TRiXi - whole blood	71.2	not_skewed
303787	TRiXi - whole blood	72.2	not_skewed
303795	TRiXi - whole blood	67	not_skewed
303799	TRiXi - whole blood	56.9	not_skewed
303800	TRiXi - whole blood	73.1	not_skewed
305105	TRiXi - whole blood	58.3	not_skewed
305127	TRiXi - whole blood	62.467	not_skewed
305130	TRiXi - whole blood	59.767	not_skewed
305131	TRiXi - whole blood	59.033	not_skewed
305151	TRiXi - whole blood	61.533	not_skewed
305163	TRiXi - whole blood	69.9	not_skewed
305165	TRiXi - whole blood	75	not_skewed
305177	TRiXi - whole blood	66.4	not_skewed
305354	TRiXi - whole blood	66.7	not_skewed
305369	TRiXi - whole blood	58.367	not_skewed
305379	TRiXi - whole blood	59	not_skewed
305382	TRiXi - whole blood	58.1	not_skewed
305391	TRiXi - whole blood	53.8	not_skewed
307816	TRiXi - whole blood	67	not_skewed
307821	TRiXi - whole blood	53.5	not_skewed
307822	TRiXi - whole blood	57.667	not_skewed
307827	TRiXi - whole blood	77.667	not_skewed
307832	TRiXi - whole blood	52.4	not_skewed
307835	TRiXi - whole blood	58.6	not_skewed
307837	TRiXi - whole blood	55.3	not_skewed
307838	TRiXi - whole blood	66.333	not_skewed
307839	TRiXi - whole blood	84.433	skewed
307899	TRiXi - whole blood	51.8	not_skewed
307902	TRiXi - whole blood	71.2	not_skewed
307903	TRiXi - whole blood	53.9	not_skewed
307915	TRiXi - whole blood	61.7	not_skewed
307917	TRiXi - whole blood	71.5	not_skewed
307919	TRiXi - whole blood	67.5	not_skewed
307921	TRiXi - whole blood	64.567	not_skewed
307924	TRiXi - whole blood	64.7	not_skewed
307927	TRiXi - whole blood	85.5	skewed
307929	TRiXi - whole blood	50.2	not_skewed
307933	TRiXi - whole blood	54.767	not_skewed
307937	TRiXi - whole blood	55.4	not_skewed
307938	TRiXi - whole blood	54	not_skewed
307940	TRiXi - whole blood	71.167	not_skewed
307942	TRiXi - whole blood	53.6	not_skewed
307959	TRiXi - whole blood	60.7	not_skewed
307973	TRiXi - whole blood	59.833	not_skewed
307974	TRiXi - whole blood	62.2	not_skewed
307976	TRiXi - whole blood	55.6	not_skewed
307999	TRiXi - whole blood	59.4	not_skewed
309242	TRiXi - whole blood	76.78	not_skewed
313013	TRiXi - whole blood	53.68	not_skewed
313605	TRiXi - whole blood	61.067	not_skewed
313609	TRiXi - whole blood	62.42	not_skewed
313633	TRiXi - whole blood	72.3	not_skewed
313639	TRiXi - whole blood	64.167	not_skewed
313642	TRiXi - whole blood	58.4	not_skewed
313644	TRiXi - whole blood	56.58	not_skewed
313668	TRiXi - whole blood	82.16	skewed
313673	TRiXi - whole blood	54.675	not_skewed
313690	TRiXi - whole blood	67.067	not_skewed
313694	TRiXi - whole blood	60.1	not_skewed
313696	TRiXi - whole blood	52.8	not_skewed
313697	TRiXi - whole blood	67.1	not_skewed
314100	TRiXi - whole blood	57.083	not_skewed
314311	TRiXi - whole blood	64.967	not_skewed
315015	TRiXi - whole blood	55.76	not_skewed
315049	TRiXi - whole blood	84.24	skewed
315058	TRiXi - whole blood	66.72	not_skewed
315077	TRiXi - whole blood	60.9	not_skewed
315092	TRiXi - whole blood	62.875	not_skewed
315129	TRiXi - whole blood	64	not_skewed
315163	TRiXi - whole blood	54.467	not_skewed
315186	TRiXi - whole blood	68	not_skewed
315188	TRiXi - whole blood	69.917	not_skewed
315199	TRiXi - whole blood	67.52	not_skewed
315202	TRiXi - whole blood	63.183	not_skewed
315215	TRiXi - whole blood	68.78	not_skewed
315222	TRiXi - whole blood	55.233	not_skewed
315228	TRiXi - whole blood	52.8	not_skewed
315269	TRiXi - whole blood	52.5	not_skewed
315313	TRiXi - whole blood	57.775	not_skewed
315324	TRiXi - whole blood	53.68	not_skewed
315326	TRiXi - whole blood	58.8	not_skewed
315339	TRiXi - whole blood	58.033	not_skewed
315385	TRiXi - whole blood	55.025	not_skewed
315386	TRiXi - whole blood	54.18	not_skewed
315400	TRiXi - whole blood	75.933	not_skewed
315867	TRiXi - whole blood	63.8	not_skewed
315906	TRiXi - whole blood	59.075	not_skewed
315911	TRiXi - whole blood	59.6	not_skewed
315918	TRiXi - whole blood	67.233	not_skewed
315922	TRiXi - whole blood	63.975	not_skewed
315945	TRiXi - whole blood	65.5	not_skewed
315952	TRiXi - whole blood	69.76	not_skewed
315973	TRiXi - whole blood	68.02	not_skewed
315988	TRiXi - whole blood	81.233	skewed
316010	TRiXi - whole blood	57.2	not_skewed
316274	TRiXi - whole blood	75.425	not_skewed
316301	TRiXi - whole blood	61.6	not_skewed
316302	TRiXi - whole blood	61.3	not_skewed
316314	TRiXi - whole blood	50.5	not_skewed
316315	TRiXi - whole blood	57.6	not_skewed
316324	TRiXi - whole blood	59.42	not_skewed
316327	TRiXi - whole blood	58.08	not_skewed
316340	TRiXi - whole blood	85	skewed
316345	TRiXi - whole blood	51.525	not_skewed
316346	TRiXi - whole blood	62.9	not_skewed
316348	TRiXi - whole blood	70.733	not_skewed
316354	TRiXi - whole blood	67.6	not_skewed
316367	TRiXi - whole blood	61	not_skewed
316373	TRiXi - whole blood	64.38	not_skewed
316387	TRiXi - whole blood	76.3	not_skewed
316389	TRiXi - whole blood	83.567	skewed
316415	TRiXi - whole blood	70.5	not_skewed
316468	TRiXi - whole blood	67	not_skewed
316472	TRiXi - whole blood	51.8	not_skewed
316476	TRiXi - whole blood	72.975	not_skewed
316493	TRiXi - whole blood	61.4	not_skewed
316502	TRiXi - whole blood	57.833	not_skewed
316517	TRiXi - whole blood	54.967	not_skewed
316544	TRiXi - whole blood	61.9	not_skewed
316558	TRiXi - whole blood	56.167	not_skewed
316561	TRiXi - whole blood	61	not_skewed
316568	TRiXi - whole blood	58.767	not_skewed
316604	TRiXi - whole blood	57.02	not_skewed
316611	TRiXi - whole blood	53.42	not_skewed
316613	TRiXi - whole blood	54.175	not_skewed
316635	TRiXi - whole blood	61.3	not_skewed
316647	TRiXi - whole blood	64.52	not_skewed
316652	TRiXi - whole blood	81.9	skewed
316653	TRiXi - whole blood	64.333	not_skewed
316654	TRiXi - whole blood	73.3	not_skewed
316662	TRiXi - whole blood	57.233	not_skewed
316676	TRiXi - whole blood	55.525	not_skewed
316680	TRiXi - whole blood	54.7	not_skewed
316683	TRiXi - whole blood	55.3	not_skewed
316689	TRiXi - whole blood	64.72	not_skewed
316700	TRiXi - whole blood	72.98	not_skewed
316707	TRiXi - whole blood	60.88	not_skewed
316714	TRiXi - whole blood	61.8	not_skewed
316721	TRiXi - whole blood	52.025	not_skewed
316732	TRiXi - whole blood	51.8	not_skewed
316755	TRiXi - whole blood	71.7	not_skewed
316757	TRiXi - whole blood	65.167	not_skewed
316765	TRiXi - whole blood	66.233	not_skewed
316769	TRiXi - whole blood	63.3	not_skewed
316785	TRiXi - whole blood	62.3	not_skewed
316795	TRiXi - whole blood	69.15	not_skewed
316798	TRiXi - whole blood	60.24	not_skewed
316803	TRiXi - whole blood	82.8	skewed
316809	TRiXi - whole blood	60.625	not_skewed
316819	TRiXi - whole blood	72.9	not_skewed
316820	TRiXi - whole blood	69.25	not_skewed
316849	TRiXi - whole blood	53.6	not_skewed
316856	TRiXi - whole blood	58.18	not_skewed
316861	TRiXi - whole blood	56.3	not_skewed
316879	TRiXi - whole blood	57.867	not_skewed
316886	TRiXi - whole blood	67.72	not_skewed
316903	TRiXi - whole blood	57.98	not_skewed
316914	TRiXi - whole blood	62.133	not_skewed
316960	TRiXi - whole blood	54.533	not_skewed
316970	TRiXi - whole blood	54.383	not_skewed
316972	TRiXi - whole blood	57.08	not_skewed
316977	TRiXi - whole blood	82.36	skewed
316984	TRiXi - whole blood	58.94	not_skewed
316987	TRiXi - whole blood	57.667	not_skewed
316994	TRiXi - whole blood	57.24	not_skewed
316997	TRiXi - whole blood	53.333	not_skewed
316998	TRiXi - whole blood	72.067	not_skewed
317001	TRiXi - whole blood	59.5	not_skewed
317006	TRiXi - whole blood	93.8	skewed
317008	TRiXi - whole blood	68.025	not_skewed
317017	TRiXi - whole blood	63.02	not_skewed
317023	TRiXi - whole blood	60.44	not_skewed
317027	TRiXi - whole blood	71.14	not_skewed
317031	TRiXi - whole blood	78.433	not_skewed
317043	TRiXi - whole blood	54.4	not_skewed
317048	TRiXi - whole blood	59.65	not_skewed
317055	TRiXi - whole blood	63.875	not_skewed
317064	TRiXi - whole blood	56.2	not_skewed
317065	TRiXi - whole blood	65.4	not_skewed
317067	TRiXi - whole blood	52.233	not_skewed
317081	TRiXi - whole blood	59.04	not_skewed
317112	TRiXi - whole blood	59.125	not_skewed
317121	TRiXi - whole blood	65.02	not_skewed
317134	TRiXi - whole blood	56.975	not_skewed
317158	TRiXi - whole blood	81.433	skewed
317159	TRiXi - whole blood	62.1	not_skewed
317168	TRiXi - whole blood	78.7	not_skewed
317189	TRiXi - whole blood	63.433	not_skewed
317204	TRiXi - whole blood	54.1	not_skewed
317205	TRiXi - whole blood	57.8	not_skewed
317218	TRiXi - whole blood	60.467	not_skewed
317233	TRiXi - whole blood	74.1	not_skewed
317234	TRiXi - whole blood	52.3	not_skewed
317243	TRiXi - whole blood	61.5	not_skewed
317258	TRiXi - whole blood	57.1	not_skewed
317280	TRiXi - whole blood	53.96	not_skewed
317281	TRiXi - whole blood	53.067	not_skewed
317292	TRiXi - whole blood	67.333	not_skewed
317296	TRiXi - whole blood	56.3	not_skewed
317315	TRiXi - whole blood	57.5	not_skewed
317317	TRiXi - whole blood	60.12	not_skewed
317347	TRiXi - whole blood	67.1	not_skewed
317361	TRiXi - whole blood	64.1	not_skewed
317366	TRiXi - whole blood	55.22	not_skewed
317380	TRiXi - whole blood	61	not_skewed
317386	TRiXi - whole blood	58.075	not_skewed
317398	TRiXi - whole blood	52.825	not_skewed
317402	TRiXi - whole blood	54.2	not_skewed
317409	TRiXi - whole blood	53.233	not_skewed
317412	TRiXi - whole blood	55.867	not_skewed
317419	TRiXi - whole blood	58.32	not_skewed
317427	TRiXi - whole blood	57.72	not_skewed
317431	TRiXi - whole blood	60.767	not_skewed
317438	TRiXi - whole blood	56.667	not_skewed
317450	TRiXi - whole blood	66.8	not_skewed
317457	TRiXi - whole blood	53.967	not_skewed
317460	TRiXi - whole blood	68.02	not_skewed
317464	TRiXi - whole blood	57.7	not_skewed
317490	TRiXi - whole blood	50.8	not_skewed
317491	TRiXi - whole blood	55.833	not_skewed
317498	TRiXi - whole blood	62.78	not_skewed
317501	TRiXi - whole blood	51.3	not_skewed
317513	TRiXi - whole blood	70.967	not_skewed
317526	TRiXi - whole blood	50.8	not_skewed
317543	TRiXi - whole blood	60.3	not_skewed
317551	TRiXi - whole blood	52.1	not_skewed
317568	TRiXi - whole blood	70.92	not_skewed
317597	TRiXi - whole blood	75.1	not_skewed
317607	TRiXi - whole blood	58.967	not_skewed
317624	TRiXi - whole blood	60.42	not_skewed
317631	TRiXi - whole blood	85.1	skewed
317636	TRiXi - whole blood	55.1	not_skewed
317661	TRiXi - whole blood	55.867	not_skewed
317669	TRiXi - whole blood	56.633	not_skewed
317671	TRiXi - whole blood	77.975	not_skewed
317674	TRiXi - whole blood	61.3	not_skewed
317680	TRiXi - whole blood	62.5	not_skewed
317689	TRiXi - whole blood	70.9	not_skewed
317706	TRiXi - whole blood	56.467	not_skewed
317710	TRiXi - whole blood	66.1	not_skewed
317711	TRiXi - whole blood	63.32	not_skewed
317722	TRiXi - whole blood	68.567	not_skewed
317727	TRiXi - whole blood	76.6	not_skewed
317734	TRiXi - whole blood	70.333	not_skewed
317740	TRiXi - whole blood	57.167	not_skewed
317766	TRiXi - whole blood	54.467	not_skewed
317767	TRiXi - whole blood	58.5	not_skewed
317779	TRiXi - whole blood	80.3	skewed
317793	TRiXi - whole blood	60.54	not_skewed
317803	TRiXi - whole blood	56.42	not_skewed
317824	TRiXi - whole blood	67.7	not_skewed
317838	TRiXi - whole blood	60	not_skewed
317848	TRiXi - whole blood	64.767	not_skewed
317852	TRiXi - whole blood	62.3	not_skewed
317855	TRiXi - whole blood	57.04	not_skewed
317904	TRiXi - whole blood	59.083	not_skewed
317910	TRiXi - whole blood	60.633	not_skewed
317913	TRiXi - whole blood	57.425	not_skewed
317917	TRiXi - whole blood	60.483	not_skewed
317921	TRiXi - whole blood	58	not_skewed
317935	TRiXi - whole blood	58.033	not_skewed
317958	TRiXi - whole blood	61.7	not_skewed
317959	TRiXi - whole blood	54.96	not_skewed
317974	TRiXi - whole blood	53.6	not_skewed
318005	TRiXi - whole blood	51.8	not_skewed
318021	TRiXi - whole blood	65.975	not_skewed
318025	TRiXi - whole blood	74.975	not_skewed
318029	TRiXi - whole blood	53.9	not_skewed
318030	TRiXi - whole blood	65.52	not_skewed
318034	TRiXi - whole blood	83.12	skewed
318035	TRiXi - whole blood	61.1	not_skewed
318050	TRiXi - whole blood	65.633	not_skewed
318058	TRiXi - whole blood	60.167	not_skewed
318075	TRiXi - whole blood	57.717	not_skewed
318085	TRiXi - whole blood	56.867	not_skewed
318088	TRiXi - whole blood	63.075	not_skewed
318095	TRiXi - whole blood	77.575	not_skewed
318113	TRiXi - whole blood	61.475	not_skewed
318120	TRiXi - whole blood	63.967	not_skewed
318126	TRiXi - whole blood	60.82	not_skewed
318136	TRiXi - whole blood	70.667	not_skewed
318150	TRiXi - whole blood	71.825	not_skewed
318160	TRiXi - whole blood	58.133	not_skewed
318165	TRiXi - whole blood	73.225	not_skewed
318176	TRiXi - whole blood	61.66	not_skewed
318198	TRiXi - whole blood	53.5	not_skewed
318205	TRiXi - whole blood	70.475	not_skewed
318244	TRiXi - whole blood	77.4	not_skewed
318250	TRiXi - whole blood	72.8	not_skewed
318252	TRiXi - whole blood	57.4	not_skewed
318257	TRiXi - whole blood	52.033	not_skewed
318271	TRiXi - whole blood	58.8	not_skewed
318288	TRiXi - whole blood	61.917	not_skewed
318290	TRiXi - whole blood	59.25	not_skewed
318291	TRiXi - whole blood	54	not_skewed
318292	TRiXi - whole blood	53.92	not_skewed
318293	TRiXi - whole blood	59.3	not_skewed
318322	TRiXi - whole blood	66.34	not_skewed
318326	TRiXi - whole blood	64.78	not_skewed
318328	TRiXi - whole blood	66.56	not_skewed
318329	TRiXi - whole blood	70.125	not_skewed
318333	TRiXi - whole blood	54.467	not_skewed
318344	TRiXi - whole blood	65.6	not_skewed
318351	TRiXi - whole blood	58.033	not_skewed
318374	TRiXi - whole blood	53.8	not_skewed
318417	TRiXi - whole blood	63.667	not_skewed
318422	TRiXi - whole blood	70.38	not_skewed
318433	TRiXi - whole blood	58.62	not_skewed
318450	TRiXi - whole blood	50.4	not_skewed
318458	TRiXi - whole blood	54.28	not_skewed
318466	TRiXi - whole blood	77.3	not_skewed
318470	TRiXi - whole blood	63.8	not_skewed
318485	TRiXi - whole blood	66.1	not_skewed
318489	TRiXi - whole blood	54.275	not_skewed
318497	TRiXi - whole blood	55.533	not_skewed
318520	TRiXi - whole blood	53.967	not_skewed
318523	TRiXi - whole blood	59.875	not_skewed
318531	TRiXi - whole blood	81.975	skewed
318573	TRiXi - whole blood	60.2	not_skewed
318580	TRiXi - whole blood	63.6	not_skewed
318581	TRiXi - whole blood	63.48	not_skewed
318600	TRiXi - whole blood	72.7	not_skewed
318609	TRiXi - whole blood	80.333	skewed
318625	TRiXi - whole blood	56.167	not_skewed
318641	TRiXi - whole blood	55.3	not_skewed
318642	TRiXi - whole blood	53.517	not_skewed
318643	TRiXi - whole blood	65.18	not_skewed
318662	TRiXi - whole blood	56.34	not_skewed
318680	TRiXi - whole blood	78.025	not_skewed
318689	TRiXi - whole blood	64.7	not_skewed
318726	TRiXi - whole blood	68.5	not_skewed
318730	TRiXi - whole blood	60.6	not_skewed
318736	TRiXi - whole blood	57.967	not_skewed
318745	TRiXi - whole blood	83.7	skewed
318761	TRiXi - whole blood	58.867	not_skewed
318765	TRiXi - whole blood	72.167	not_skewed
318766	TRiXi - whole blood	54.383	not_skewed
318793	TRiXi - whole blood	58.767	not_skewed
318799	TRiXi - whole blood	53.1	not_skewed
318810	TRiXi - whole blood	59.9	not_skewed
318812	TRiXi - whole blood	61.367	not_skewed
318825	TRiXi - whole blood	51.825	not_skewed
318852	TRiXi - whole blood	63.2	not_skewed
318863	TRiXi - whole blood	61.7	not_skewed
318889	TRiXi - whole blood	62.5	not_skewed
319000	TRiXi - whole blood	51.1	not_skewed
319015	TRiXi - whole blood	58.8	not_skewed
319016	TRiXi - whole blood	57	not_skewed
319023	TRiXi - whole blood	59.475	not_skewed
319037	TRiXi - whole blood	54.68	not_skewed
319042	TRiXi - whole blood	58.92	not_skewed
319056	TRiXi - whole blood	60.375	not_skewed
319064	TRiXi - whole blood	73.1	not_skewed
319080	TRiXi - whole blood	51.2	not_skewed
319082	TRiXi - whole blood	56.8	not_skewed
319096	TRiXi - whole blood	55.175	not_skewed
319141	TRiXi - whole blood	78.033	not_skewed
319153	TRiXi - whole blood	63.08	not_skewed
319155	TRiXi - whole blood	74.8	not_skewed
319165	TRiXi - whole blood	57.18	not_skewed
319170	TRiXi - whole blood	73.775	not_skewed
319187	TRiXi - whole blood	61.667	not_skewed
319189	TRiXi - whole blood	54.3	not_skewed
319197	TRiXi - whole blood	65	not_skewed
319231	TRiXi - whole blood	56.275	not_skewed
319235	TRiXi - whole blood	52.4	not_skewed
319250	TRiXi - whole blood	78	not_skewed
319276	TRiXi - whole blood	50.7	not_skewed
319289	TRiXi - whole blood	56.8	not_skewed
319321	TRiXi - whole blood	63	not_skewed
319325	TRiXi - whole blood	56.425	not_skewed
319329	TRiXi - whole blood	72.775	not_skewed
319334	TRiXi - whole blood	53.46	not_skewed
319345	TRiXi - whole blood	81.4	skewed
319356	TRiXi - whole blood	58.5	not_skewed
319361	TRiXi - whole blood	59.78	not_skewed
319367	TRiXi - whole blood	53.52	not_skewed
319408	TRiXi - whole blood	63.867	not_skewed
319433	TRiXi - whole blood	69.9	not_skewed
319459	TRiXi - whole blood	71.1	not_skewed
319460	TRiXi - whole blood	62.1	not_skewed
319470	TRiXi - whole blood	62.025	not_skewed
319471	TRiXi - whole blood	54.5	not_skewed
319489	TRiXi - whole blood	64.275	not_skewed
319512	TRiXi - whole blood	70.6	not_skewed
319525	TRiXi - whole blood	64.533	not_skewed
319532	TRiXi - whole blood	55.75	not_skewed
319569	TRiXi - whole blood	55.217	not_skewed
319579	TRiXi - whole blood	63.5	not_skewed
319592	TRiXi - whole blood	72.1	not_skewed
319607	TRiXi - whole blood	65.75	not_skewed
319638	TRiXi - whole blood	69	not_skewed
319678	TRiXi - whole blood	66.5	not_skewed
319681	TRiXi - whole blood	63.46	not_skewed
319689	TRiXi - whole blood	55.14	not_skewed
319691	TRiXi - whole blood	60.033	not_skewed
319707	TRiXi - whole blood	65.8	not_skewed
319710	TRiXi - whole blood	61.1	not_skewed
319711	TRiXi - whole blood	54.5	not_skewed
319715	TRiXi - whole blood	58.5	not_skewed
319726	TRiXi - whole blood	78.967	not_skewed
319748	TRiXi - whole blood	61.1	not_skewed
319806	TRiXi - whole blood	62	not_skewed
319808	TRiXi - whole blood	68.9	not_skewed
319814	TRiXi - whole blood	59.1	not_skewed
319820	TRiXi - whole blood	70.84	not_skewed
319822	TRiXi - whole blood	56.2	not_skewed
319824	TRiXi - whole blood	67.733	not_skewed
319827	TRiXi - whole blood	60.3	not_skewed
319830	TRiXi - whole blood	69.4	not_skewed
319875	TRiXi - whole blood	56.225	not_skewed
319890	TRiXi - whole blood	82.933	skewed
320229	TRiXi - whole blood	79.95	not_skewed
320233	TRiXi - whole blood	66.6	not_skewed
320234	TRiXi - whole blood	56.633	not_skewed
320248	TRiXi - whole blood	91.325	skewed
320254	TRiXi - whole blood	62.1	not_skewed
320255	TRiXi - whole blood	67.683	not_skewed
320256	TRiXi - whole blood	61.917	not_skewed
320277	TRiXi - whole blood	64.325	not_skewed
320280	TRiXi - whole blood	96.967	skewed
320290	TRiXi - whole blood	76.4	not_skewed
320345	TRiXi - whole blood	68.625	not_skewed
320357	TRiXi - whole blood	53.483	not_skewed
320362	TRiXi - whole blood	77.7	not_skewed
320376	TRiXi - whole blood	66.1	not_skewed
320420	TRiXi - whole blood	60.34	not_skewed
320433	TRiXi - whole blood	62.8	not_skewed
320468	TRiXi - whole blood	59.483	not_skewed
320486	TRiXi - whole blood	59.333	not_skewed
320511	TRiXi - whole blood	63.8	not_skewed
320525	TRiXi - whole blood	62.06	not_skewed
320547	TRiXi - whole blood	65.433	not_skewed
320560	TRiXi - whole blood	66.7	not_skewed
320564	TRiXi - whole blood	67.917	not_skewed
320566	TRiXi - whole blood	52.5	not_skewed
320570	TRiXi - whole blood	64.167	not_skewed
320574	TRiXi - whole blood	93.775	skewed
320601	TRiXi - whole blood	52.333	not_skewed
320607	TRiXi - whole blood	58.217	not_skewed
320615	TRiXi - whole blood	68.433	not_skewed
320658	TRiXi - whole blood	70.8	not_skewed
320668	TRiXi - whole blood	69.92	not_skewed
320678	TRiXi - whole blood	64.5	not_skewed
320822	TRiXi - whole blood	69.04	not_skewed
320832	TRiXi - whole blood	66.967	not_skewed
320835	TRiXi - whole blood	58.183	not_skewed
320841	TRiXi - whole blood	53.9	not_skewed
320843	TRiXi - whole blood	62.925	not_skewed
320862	TRiXi - whole blood	56.7	not_skewed
320864	TRiXi - whole blood	78.3	not_skewed
320888	TRiXi - whole blood	71.76	not_skewed
320891	TRiXi - whole blood	63.867	not_skewed
320896	TRiXi - whole blood	59.5	not_skewed
320901	TRiXi - whole blood	57.76	not_skewed
320902	TRiXi - whole blood	76.58	not_skewed
321022	TRiXi - whole blood	84.1	skewed
321025	TRiXi - whole blood	67	not_skewed
321051	TRiXi - whole blood	61.917	not_skewed
321053	TRiXi - whole blood	55.1	not_skewed
321063	TRiXi - whole blood	55.36	not_skewed
321094	TRiXi - whole blood	52.3	not_skewed
321433	TRiXi - whole blood	59.6	not_skewed
321453	TRiXi - whole blood	77.6	not_skewed
321465	TRiXi - whole blood	66.567	not_skewed
321467	TRiXi - whole blood	60	not_skewed
321469	TRiXi - whole blood	69.125	not_skewed
321478	TRiXi - whole blood	68.233	not_skewed
321482	TRiXi - whole blood	55.7	not_skewed
321834	TRiXi - whole blood	70.2	not_skewed
321841	TRiXi - whole blood	72.167	not_skewed
321852	TRiXi - whole blood	63.54	not_skewed
321883	TRiXi - whole blood	53.42	not_skewed
321890	TRiXi - whole blood	64.225	not_skewed
321892	TRiXi - whole blood	58.9	not_skewed
321922	TRiXi - whole blood	64.525	not_skewed
321932	TRiXi - whole blood	58.125	not_skewed
321945	TRiXi - whole blood	58.667	not_skewed
321954	TRiXi - whole blood	55.88	not_skewed
321957	TRiXi - whole blood	61.7	not_skewed
321966	TRiXi - whole blood	61.717	not_skewed
321967	TRiXi - whole blood	67.975	not_skewed
321976	TRiXi - whole blood	73.275	not_skewed
321977	TRiXi - whole blood	55.025	not_skewed
321984	TRiXi - whole blood	54.46	not_skewed
321987	TRiXi - whole blood	53.4	not_skewed
321992	TRiXi - whole blood	63.583	not_skewed
321994	TRiXi - whole blood	75.8	not_skewed
321996	TRiXi - whole blood	52	not_skewed
322012	TRiXi - whole blood	75.32	not_skewed
322039	TRiXi - whole blood	71.1	not_skewed
322041	TRiXi - whole blood	65	not_skewed
322043	TRiXi - whole blood	70.833	not_skewed
322053	TRiXi - whole blood	79.1	not_skewed
322068	TRiXi - whole blood	57.7	not_skewed
322082	TRiXi - whole blood	59.78	not_skewed
322327	TRiXi - whole blood	57.2	not_skewed
322347	TRiXi - whole blood	59.5	not_skewed
322354	TRiXi - whole blood	69.3	not_skewed
322365	TRiXi - whole blood	55.7	not_skewed
322384	TRiXi - whole blood	62.467	not_skewed
322394	TRiXi - whole blood	63.925	not_skewed
322411	TRiXi - whole blood	60.2	not_skewed
322421	TRiXi - whole blood	85	skewed
322464	TRiXi - whole blood	71.7	not_skewed
322468	TRiXi - whole blood	51.32	not_skewed
322620	TRiXi - whole blood	55.783	not_skewed
322646	TRiXi - whole blood	82.767	skewed
322671	TRiXi - whole blood	54.817	not_skewed
322730	TRiXi - whole blood	59.9	not_skewed
322731	TRiXi - whole blood	53.88	not_skewed
322738	TRiXi - whole blood	55.8	not_skewed
322755	TRiXi - whole blood	70.6	not_skewed
322757	TRiXi - whole blood	55.533	not_skewed
322779	TRiXi - whole blood	55.3	not_skewed
322784	TRiXi - whole blood	68.76	not_skewed
322828	TRiXi - whole blood	63.875	not_skewed
322829	TRiXi - whole blood	84.6	skewed
322835	TRiXi - whole blood	58.88	not_skewed
322860	TRiXi - whole blood	57.583	not_skewed
322892	TRiXi - whole blood	54.78	not_skewed
322910	TRiXi - whole blood	64.38	not_skewed
322920	TRiXi - whole blood	56.4	not_skewed
322960	TRiXi - whole blood	51.633	not_skewed
322978	TRiXi - whole blood	55.967	not_skewed
323211	TRiXi - whole blood	65.667	not_skewed
323213	TRiXi - whole blood	78.25	not_skewed
323221	TRiXi - whole blood	65.2	not_skewed
323236	TRiXi - whole blood	74.2	not_skewed
323240	TRiXi - whole blood	59.967	not_skewed
323252	TRiXi - whole blood	57.2	not_skewed
323259	TRiXi - whole blood	69.5	not_skewed
323266	TRiXi - whole blood	74.7	not_skewed
323285	TRiXi - whole blood	58.6	not_skewed
323286	TRiXi - whole blood	60.8	not_skewed
323296	TRiXi - whole blood	62.7	not_skewed
323313	TRiXi - whole blood	72.967	not_skewed
323315	TRiXi - whole blood	80.5	skewed
323317	TRiXi - whole blood	84.3	skewed
323327	TRiXi - whole blood	57.68	not_skewed
323333	TRiXi - whole blood	69	not_skewed
323356	TRiXi - whole blood	70.567	not_skewed
323361	TRiXi - whole blood	70.22	not_skewed
323952	TRiXi - whole blood	53.883	not_skewed
323955	TRiXi - whole blood	68.125	not_skewed
323984	TRiXi - whole blood	63.98	not_skewed
323987	TRiXi - whole blood	60.2	not_skewed
324002	TRiXi - whole blood	61.7	not_skewed
324003	TRiXi - whole blood	63.7	not_skewed
324010	TRiXi - whole blood	70.34	not_skewed
324044	TRiXi - whole blood	53.3	not_skewed
324048	TRiXi - whole blood	60.975	not_skewed
324062	TRiXi - whole blood	79.7	not_skewed
324064	TRiXi - whole blood	64.3	not_skewed
324066	TRiXi - whole blood	70.58	not_skewed
324074	TRiXi - whole blood	61.3	not_skewed
324093	TRiXi - whole blood	58.32	not_skewed
324122	TRiXi - whole blood	62.883	not_skewed
324126	TRiXi - whole blood	66.233	not_skewed
324147	TRiXi - whole blood	53	not_skewed
324188	TRiXi - whole blood	78.8	not_skewed
324192	TRiXi - whole blood	66.267	not_skewed
324193	TRiXi - whole blood	53	not_skewed
324194	TRiXi - whole blood	55.7	not_skewed
324196	TRiXi - whole blood	72.05	not_skewed
324215	TRiXi - whole blood	58.3	not_skewed
324222	TRiXi - whole blood	52	not_skewed
324228	TRiXi - whole blood	59.133	not_skewed
324249	TRiXi - whole blood	78.1	not_skewed
324251	TRiXi - whole blood	57.467	not_skewed
324408	TRiXi - whole blood	62.3	not_skewed
324415	TRiXi - whole blood	53.72	not_skewed
324416	TRiXi - whole blood	61.383	not_skewed
324420	TRiXi - whole blood	65.06	not_skewed
324421	TRiXi - whole blood	55	not_skewed
324431	TRiXi - whole blood	56.1	not_skewed
324434	TRiXi - whole blood	86.6	skewed
324643	TRiXi - whole blood	69.2	not_skewed
324645	TRiXi - whole blood	56.667	not_skewed
324655	TRiXi - whole blood	82.025	skewed
324657	TRiXi - whole blood	67.8	not_skewed
324664	TRiXi - whole blood	58.7	not_skewed
324681	TRiXi - whole blood	55.8	not_skewed
821022	TRiXi - whole blood	81.525	skewed
