sample	variable	value	XCI pattern
205766	mean	59.2	mosaic
205766	TRiXi1	55.2	mosaic
205766	TRiXi3	63.3	mosaic
300008	mean	66.1	mosaic
300008	TRiXi1	65.9	mosaic
300008	TRiXi3	66.2	mosaic
300036	mean	55.2	mosaic
300036	TRiXi1	57.7	mosaic
300036	TRiXi3	52.7	mosaic
300046	mean	58.9	mosaic
300046	TRiXi1	56.8	mosaic
300046	TRiXi3	61	mosaic
300049	mean	56.9	mosaic
300049	TRiXi1	54.7	mosaic
300049	TRiXi3	59	mosaic
300053	mean	70.1	mosaic
300053	TRiXi3	70.1	mosaic
300055	mean	62.1	mosaic
300055	TRiXi1	62	mosaic
300055	TRiXi3	62.3	mosaic
300063	mean	56.3	mosaic
300063	TRiXi1	59.6	mosaic
300063	TRiXi3	53	mosaic
300069	mean	81.7	extremely skewed
300069	TRiXi3	81.7	extremely skewed
300074	mean	53	mosaic
300074	TRiXi1	51.5	mosaic
300074	TRiXi3	54.6	mosaic
300077	mean	72.4	skewed
300077	TRiXi1	71.3	skewed
300077	TRiXi3	73.6	skewed
300079	mean	59.2	mosaic
300079	TRiXi1	51.8	mosaic
300079	TRiXi3	66.6	mosaic
300085	mean	70.6	mosaic
300085	TRiXi1	69.4	mosaic
300085	TRiXi3	71.8	mosaic
300086	mean	60.9	mosaic
300086	TRiXi1	54	mosaic
300086	TRiXi3	67.7	mosaic
300087	mean	81.7	extremely skewed
300087	TRiXi1	82	extremely skewed
300087	TRiXi3	81.3	extremely skewed
300089	mean	52.8	mosaic
300089	TRiXi3	52.8	mosaic
300091	mean	64	mosaic
300091	TRiXi1	58.8	mosaic
300091	TRiXi3	69.2	mosaic
300093	mean	57.4	mosaic
300093	TRiXi3	57.4	mosaic
300098	mean	77.9	skewed
300098	TRiXi1	83.9	skewed
300098	TRiXi3	71.9	skewed
300100	mean	68.9	mosaic
300100	TRiXi1	70.9	mosaic
300100	TRiXi3	66.9	mosaic
300115	mean	53	mosaic
300115	TRiXi1	52.4	mosaic
300115	TRiXi3	53.7	mosaic
300120	mean	56	mosaic
300120	TRiXi1	61.2	mosaic
300120	TRiXi3	50.9	mosaic
300133	mean	53.1	mosaic
300133	TRiXi1	53.1	mosaic
300137	mean	84.3	extremely skewed
300137	TRiXi1	83.1	extremely skewed
300137	TRiXi3	85.5	extremely skewed
300146	mean	52.7	mosaic
300146	TRiXi3	52.7	mosaic
300151	mean	72.2	skewed
300151	TRiXi1	70.6	skewed
300151	TRiXi3	73.8	skewed
300154	mean	54.5	mosaic
300154	TRiXi3	54.5	mosaic
300156	mean	79.6	skewed
300156	TRiXi1	86.8	skewed
300156	TRiXi3	72.3	skewed
300159	mean	64.1	mosaic
300159	TRiXi1	61.8	mosaic
300159	TRiXi3	66.4	mosaic
300162	mean	59.7	mosaic
300162	TRiXi1	65.5	mosaic
300162	TRiXi3	53.9	mosaic
300172	mean	56.7	mosaic
300172	TRiXi3	56.7	mosaic
300173	mean	50.4	mosaic
300173	TRiXi1	50.4	mosaic
300177	mean	70.7	mosaic
300177	TRiXi1	76.3	mosaic
300177	TRiXi3	65.1	mosaic
300178	mean	59	mosaic
300178	TRiXi1	56.2	mosaic
300178	TRiXi3	61.7	mosaic
300184	mean	59.3	mosaic
300184	TRiXi1	63.4	mosaic
300184	TRiXi3	55.2	mosaic
300186	mean	60.5	mosaic
300186	TRiXi1	60.1	mosaic
300186	TRiXi3	61	mosaic
300188	mean	53.5	mosaic
300188	TRiXi1	55.8	mosaic
300188	TRiXi3	51.2	mosaic
300190	mean	56.5	mosaic
300190	TRiXi1	54.9	mosaic
300190	TRiXi3	58	mosaic
300191	mean	50.9	mosaic
300191	TRiXi1	51.7	mosaic
300191	TRiXi3	50	mosaic
300195	mean	63.7	mosaic
300195	TRiXi1	63.6	mosaic
300195	TRiXi3	63.8	mosaic
300199	mean	78.6	skewed
300199	TRiXi1	74.3	skewed
300199	TRiXi3	82.9	skewed
300200	mean	64.7	mosaic
300200	TRiXi1	58.7	mosaic
300200	TRiXi3	70.6	mosaic
300205	mean	53.2	mosaic
300205	TRiXi3	53.2	mosaic
300207	mean	55	mosaic
300207	TRiXi1	55.5	mosaic
300207	TRiXi3	54.6	mosaic
300211	mean	55.2	mosaic
300211	TRiXi1	54.6	mosaic
300211	TRiXi3	55.9	mosaic
300212	mean	66.2	mosaic
300212	TRiXi1	66.2	mosaic
300214	mean	50.3	mosaic
300214	TRiXi3	50.3	mosaic
300215	mean	63.7	mosaic
300215	TRiXi1	59.1	mosaic
300215	TRiXi3	68.3	mosaic
300216	mean	50.2	mosaic
300216	TRiXi1	50.2	mosaic
300223	mean	60	mosaic
300223	TRiXi1	58.5	mosaic
300223	TRiXi3	61.4	mosaic
300226	mean	72.6	skewed
300226	TRiXi1	79.8	skewed
300226	TRiXi3	65.4	skewed
300236	mean	54.4	mosaic
300236	TRiXi1	52.4	mosaic
300236	TRiXi3	56.4	mosaic
300239	mean	61.5	mosaic
300239	TRiXi1	62	mosaic
300239	TRiXi3	61.1	mosaic
300242	mean	63.3	mosaic
300242	TRiXi1	59.2	mosaic
300242	TRiXi3	67.4	mosaic
300244	mean	56.5	mosaic
300244	TRiXi1	50.7	mosaic
300244	TRiXi3	62.4	mosaic
300247	mean	67	mosaic
300247	TRiXi1	67	mosaic
300259	mean	56.8	mosaic
300259	TRiXi1	56.8	mosaic
300285	mean	89.6	extremely skewed
300285	TRiXi1	89.6	extremely skewed
300318	mean	50.8	mosaic
300318	TRiXi1	50.8	mosaic
300318	TRiXi3	50.9	mosaic
300329	mean	56.5	mosaic
300329	TRiXi1	61.6	mosaic
300329	TRiXi3	51.3	mosaic
300332	mean	51.4	mosaic
300332	TRiXi1	51.7	mosaic
300332	TRiXi3	51.1	mosaic
300402	mean	66.4	mosaic
300402	TRiXi1	62.7	mosaic
300402	TRiXi3	70.1	mosaic
300417	mean	54	mosaic
300417	TRiXi1	50.7	mosaic
300417	TRiXi3	57.4	mosaic
300418	mean	53.9	mosaic
300418	TRiXi3	53.9	mosaic
300431	mean	63.7	mosaic
300431	TRiXi1	59.9	mosaic
300431	TRiXi3	67.5	mosaic
300432	mean	57.1	mosaic
300432	TRiXi1	51.4	mosaic
300432	TRiXi3	62.8	mosaic
300435	mean	61.7	mosaic
300435	TRiXi1	58.7	mosaic
300435	TRiXi3	64.7	mosaic
300444	mean	52.2	mosaic
300444	TRiXi1	53.2	mosaic
300444	TRiXi3	51.2	mosaic
300450	mean	61.9	mosaic
300450	TRiXi1	58.7	mosaic
300450	TRiXi3	65	mosaic
300454	mean	57.2	mosaic
300454	TRiXi3	57.2	mosaic
300455	mean	71	mosaic
300455	TRiXi1	74.5	mosaic
300455	TRiXi3	67.4	mosaic
300457	mean	52.5	mosaic
300457	TRiXi1	52.2	mosaic
300457	TRiXi3	52.7	mosaic
300459	mean	62.6	mosaic
300459	TRiXi3	62.6	mosaic
300463	mean	67.9	mosaic
300463	TRiXi1	67.9	mosaic
300468	mean	51	mosaic
300468	TRiXi1	50.3	mosaic
300468	TRiXi3	51.8	mosaic
300476	mean	55.9	mosaic
300476	TRiXi1	52.3	mosaic
300476	TRiXi3	59.5	mosaic
300480	mean	63.5	mosaic
300480	TRiXi1	61.5	mosaic
300480	TRiXi3	65.5	mosaic
300496	mean	54.4	mosaic
300496	TRiXi1	52.3	mosaic
300496	TRiXi3	56.5	mosaic
300498	mean	61.4	mosaic
300498	TRiXi1	61.4	mosaic
300513	mean	64.4	mosaic
300513	TRiXi1	64.7	mosaic
300513	TRiXi3	64.2	mosaic
300515	mean	85.8	extremely skewed
300515	TRiXi1	85.8	extremely skewed
300516	mean	55	mosaic
300516	TRiXi1	56.1	mosaic
300516	TRiXi3	54	mosaic
300517	mean	55.2	mosaic
300517	TRiXi3	55.2	mosaic
300521	mean	61.8	mosaic
300521	TRiXi1	56.6	mosaic
300521	TRiXi3	67.1	mosaic
300523	mean	58.9	mosaic
300523	TRiXi1	58	mosaic
300523	TRiXi3	59.8	mosaic
300524	mean	54.4	mosaic
300524	TRiXi1	56.1	mosaic
300524	TRiXi3	52.7	mosaic
300528	mean	58.5	mosaic
300528	TRiXi1	57.8	mosaic
300528	TRiXi3	59.1	mosaic
300530	mean	68.3	mosaic
300530	TRiXi1	71.5	mosaic
300530	TRiXi3	65.1	mosaic
300537	mean	52.3	mosaic
300537	TRiXi3	52.3	mosaic
300540	mean	57.8	mosaic
300540	TRiXi3	57.8	mosaic
300541	mean	64.2	mosaic
300541	TRiXi1	62.8	mosaic
300541	TRiXi3	65.5	mosaic
300543	mean	52.4	mosaic
300543	TRiXi3	52.4	mosaic
300547	mean	51.2	mosaic
300547	TRiXi1	51.2	mosaic
300549	mean	70.4	mosaic
300549	TRiXi1	74.9	mosaic
300549	TRiXi3	65.9	mosaic
300551	mean	52.2	mosaic
300551	TRiXi1	54.3	mosaic
300551	TRiXi3	50.1	mosaic
300554	mean	56	mosaic
300554	TRiXi1	55.1	mosaic
300554	TRiXi3	57	mosaic
300555	mean	54.3	mosaic
300555	TRiXi1	51.3	mosaic
300555	TRiXi3	57.4	mosaic
300556	mean	63.9	mosaic
300556	TRiXi1	66.1	mosaic
300556	TRiXi3	61.7	mosaic
300558	mean	57.4	mosaic
300558	TRiXi1	58.6	mosaic
300558	TRiXi3	56.1	mosaic
300559	mean	64	mosaic
300559	TRiXi1	64	mosaic
300562	mean	67	mosaic
300562	TRiXi1	69.9	mosaic
300562	TRiXi3	64.1	mosaic
300566	mean	53.6	mosaic
300566	TRiXi3	53.6	mosaic
300567	mean	54.1	mosaic
300567	TRiXi1	54.1	mosaic
300568	mean	59.7	mosaic
300568	TRiXi1	58.8	mosaic
300568	TRiXi3	60.6	mosaic
300570	mean	60.8	mosaic
300570	TRiXi1	60.8	mosaic
300578	mean	57.5	mosaic
300578	TRiXi1	60.9	mosaic
300578	TRiXi3	54.2	mosaic
300600	mean	64.6	mosaic
300600	TRiXi1	65.4	mosaic
300600	TRiXi3	63.7	mosaic
300609	mean	56.8	mosaic
300609	TRiXi1	56.8	mosaic
300616	mean	54.5	mosaic
300616	TRiXi1	56.6	mosaic
300616	TRiXi3	52.5	mosaic
300617	mean	72.5	skewed
300617	TRiXi3	72.5	skewed
300619	mean	58.1	mosaic
300619	TRiXi1	52.5	mosaic
300619	TRiXi3	63.8	mosaic
300623	mean	59.5	mosaic
300623	TRiXi3	59.5	mosaic
300845	mean	63	mosaic
300845	TRiXi1	67.6	mosaic
300845	TRiXi3	58.5	mosaic
300848	mean	78	skewed
300848	TRiXi1	80.6	skewed
300848	TRiXi3	75.4	skewed
300850	mean	56.6	mosaic
300850	TRiXi1	53	mosaic
300850	TRiXi3	60.3	mosaic
300855	mean	52.2	mosaic
300855	TRiXi1	53.7	mosaic
300855	TRiXi3	50.7	mosaic
300860	mean	54.2	mosaic
300860	TRiXi1	51.1	mosaic
300860	TRiXi3	57.2	mosaic
300862	mean	66	mosaic
300862	TRiXi1	62.4	mosaic
300862	TRiXi3	69.7	mosaic
300868	mean	55.2	mosaic
300868	TRiXi1	55.2	mosaic
300869	mean	62.4	mosaic
300869	TRiXi1	63.4	mosaic
300869	TRiXi3	61.4	mosaic
300878	mean	60.2	mosaic
300878	TRiXi1	61.4	mosaic
300878	TRiXi3	59.1	mosaic
300880	mean	55.6	mosaic
300880	TRiXi1	56.5	mosaic
300880	TRiXi3	54.8	mosaic
300882	mean	60.8	mosaic
300882	TRiXi1	59.7	mosaic
300882	TRiXi3	61.9	mosaic
300884	mean	65	mosaic
300884	TRiXi3	65	mosaic
300891	mean	64.3	mosaic
300891	TRiXi1	64	mosaic
300891	TRiXi3	64.6	mosaic
300896	mean	69.9	mosaic
300896	TRiXi1	69.9	mosaic
300899	mean	55.4	mosaic
300899	TRiXi1	55	mosaic
300899	TRiXi3	55.7	mosaic
300907	mean	62.1	mosaic
300907	TRiXi3	62.1	mosaic
300908	mean	63.6	mosaic
300908	TRiXi1	61.5	mosaic
300908	TRiXi3	65.7	mosaic
300910	mean	62.4	mosaic
300910	TRiXi1	59	mosaic
300910	TRiXi3	65.7	mosaic
300911	mean	54.2	mosaic
300911	TRiXi1	56.5	mosaic
300911	TRiXi3	52	mosaic
300912	mean	54	mosaic
300912	TRiXi1	53.3	mosaic
300912	TRiXi3	54.6	mosaic
300915	mean	55.8	mosaic
300915	TRiXi1	51	mosaic
300915	TRiXi3	60.6	mosaic
300922	mean	55	mosaic
300922	TRiXi1	53.5	mosaic
300922	TRiXi3	56.6	mosaic
300926	mean	66.4	mosaic
300926	TRiXi1	66.4	mosaic
300928	mean	50.5	mosaic
300928	TRiXi1	50.8	mosaic
300928	TRiXi3	50.1	mosaic
300935	mean	64	mosaic
300935	TRiXi1	56.6	mosaic
300935	TRiXi3	71.3	mosaic
300941	mean	57.4	mosaic
300941	TRiXi1	57.4	mosaic
300946	mean	56.3	mosaic
300946	TRiXi1	56.3	mosaic
300955	mean	50.6	mosaic
300955	TRiXi1	50.6	mosaic
300957	mean	76.3	skewed
300957	TRiXi1	72.4	skewed
300957	TRiXi3	80.2	skewed
300962	mean	55.1	mosaic
300962	TRiXi1	51.4	mosaic
300962	TRiXi3	58.8	mosaic
300963	mean	54.8	mosaic
300963	TRiXi1	55.8	mosaic
300963	TRiXi3	53.9	mosaic
300966	mean	55.6	mosaic
300966	TRiXi3	55.6	mosaic
300968	mean	51.4	mosaic
300968	TRiXi1	50.3	mosaic
300968	TRiXi3	52.5	mosaic
300972	mean	62.3	mosaic
300972	TRiXi1	62.3	mosaic
300974	mean	65.1	mosaic
300974	TRiXi1	66.1	mosaic
300974	TRiXi3	64.1	mosaic
300975	mean	61.7	mosaic
300975	TRiXi1	60.7	mosaic
300975	TRiXi3	62.6	mosaic
300978	mean	53.6	mosaic
300978	TRiXi1	53.6	mosaic
300992	mean	58.9	mosaic
300992	TRiXi1	62.6	mosaic
300992	TRiXi3	55.2	mosaic
300996	mean	70.7	mosaic
300996	TRiXi1	70.3	mosaic
300996	TRiXi3	71	mosaic
301000	mean	59.8	mosaic
301000	TRiXi1	60.6	mosaic
301000	TRiXi3	58.9	mosaic
301001	mean	89.9	extremely skewed
301001	TRiXi3	89.9	extremely skewed
301003	mean	55.9	mosaic
301003	TRiXi1	55.9	mosaic
301003	TRiXi3	55.9	mosaic
301007	mean	60.8	mosaic
301007	TRiXi1	66.8	mosaic
301007	TRiXi3	54.9	mosaic
301009	mean	57.8	mosaic
301009	TRiXi3	57.8	mosaic
301013	mean	53	mosaic
301013	TRiXi3	53	mosaic
301014	mean	57	mosaic
301014	TRiXi1	55.5	mosaic
301014	TRiXi3	58.5	mosaic
301015	mean	62.4	mosaic
301015	TRiXi1	67.5	mosaic
301015	TRiXi3	57.2	mosaic
301021	mean	53.5	mosaic
301021	TRiXi1	52.7	mosaic
301021	TRiXi3	54.3	mosaic
301024	mean	53.8	mosaic
301024	TRiXi1	53.8	mosaic
301025	mean	61.2	mosaic
301025	TRiXi1	62.1	mosaic
301025	TRiXi3	60.4	mosaic
301028	mean	70	mosaic
301028	TRiXi1	68.8	mosaic
301028	TRiXi3	71.2	mosaic
301032	mean	66.2	mosaic
301032	TRiXi1	73.1	mosaic
301032	TRiXi3	59.4	mosaic
301033	mean	74.5	skewed
301033	TRiXi1	76.7	skewed
301033	TRiXi3	72.3	skewed
301039	mean	56.2	mosaic
301039	TRiXi1	57	mosaic
301039	TRiXi3	55.5	mosaic
301042	mean	50.8	mosaic
301042	TRiXi1	50.1	mosaic
301042	TRiXi3	51.4	mosaic
301045	mean	54	mosaic
301045	TRiXi1	50.6	mosaic
301045	TRiXi3	57.3	mosaic
301052	mean	55.2	mosaic
301052	TRiXi3	55.2	mosaic
301064	mean	53.1	mosaic
301064	TRiXi1	56.1	mosaic
301064	TRiXi3	50.1	mosaic
301065	mean	61	mosaic
301065	TRiXi1	58.3	mosaic
301065	TRiXi3	63.6	mosaic
301086	mean	57.1	mosaic
301086	TRiXi1	60.1	mosaic
301086	TRiXi3	54.1	mosaic
301088	mean	71.2	skewed
301088	TRiXi1	65.9	skewed
301088	TRiXi3	76.6	skewed
301091	mean	55.1	mosaic
301091	TRiXi1	55.9	mosaic
301091	TRiXi3	54.3	mosaic
301092	mean	63.5	mosaic
301092	TRiXi1	59.1	mosaic
301092	TRiXi3	67.8	mosaic
301095	mean	51.6	mosaic
301095	TRiXi1	51.6	mosaic
301099	mean	64.2	mosaic
301099	TRiXi3	64.2	mosaic
301102	mean	51.6	mosaic
301102	TRiXi1	51.6	mosaic
301104	mean	73.8	skewed
301104	TRiXi1	71.9	skewed
301104	TRiXi3	75.6	skewed
301105	mean	52.5	mosaic
301105	TRiXi1	50.5	mosaic
301105	TRiXi3	54.6	mosaic
301106	mean	55.3	mosaic
301106	TRiXi1	57.9	mosaic
301106	TRiXi3	52.8	mosaic
301107	mean	62.1	mosaic
301107	TRiXi1	61.4	mosaic
301107	TRiXi3	62.9	mosaic
301111	mean	51.4	mosaic
301111	TRiXi3	51.4	mosaic
301116	mean	52.5	mosaic
301116	TRiXi1	54.4	mosaic
301116	TRiXi3	50.6	mosaic
301121	mean	61.3	mosaic
301121	TRiXi1	56.7	mosaic
301121	TRiXi3	65.9	mosaic
301125	mean	66.9	mosaic
301125	TRiXi1	66.9	mosaic
301127	mean	52.2	mosaic
301127	TRiXi1	50.7	mosaic
301127	TRiXi3	53.6	mosaic
301134	mean	50.9	mosaic
301134	TRiXi1	51.2	mosaic
301134	TRiXi3	50.5	mosaic
301139	mean	64.2	mosaic
301139	TRiXi1	55.9	mosaic
301139	TRiXi3	72.5	mosaic
301140	mean	50.4	mosaic
301140	TRiXi1	50.4	mosaic
301143	mean	55	mosaic
301143	TRiXi1	53.6	mosaic
301143	TRiXi3	56.4	mosaic
301144	mean	52.3	mosaic
301144	TRiXi1	52.3	mosaic
301149	mean	62.4	mosaic
301149	TRiXi3	62.4	mosaic
301150	mean	55.1	mosaic
301150	TRiXi3	55.1	mosaic
301151	mean	66.8	mosaic
301151	TRiXi1	66.8	mosaic
301152	mean	57	mosaic
301152	TRiXi1	58.4	mosaic
301152	TRiXi3	55.6	mosaic
301154	mean	58.3	mosaic
301154	TRiXi1	59.5	mosaic
301154	TRiXi3	57.1	mosaic
301160	mean	53.4	mosaic
301160	TRiXi1	50.7	mosaic
301160	TRiXi3	56.1	mosaic
301168	mean	66.8	mosaic
301168	TRiXi1	68.8	mosaic
301168	TRiXi3	64.8	mosaic
301170	mean	74	skewed
301170	TRiXi1	76.8	skewed
301170	TRiXi3	71.3	skewed
301173	mean	59.4	mosaic
301173	TRiXi1	59.4	mosaic
301184	mean	52.5	mosaic
301184	TRiXi1	51.7	mosaic
301184	TRiXi3	53.2	mosaic
301190	mean	60.9	mosaic
301190	TRiXi1	63	mosaic
301190	TRiXi3	58.7	mosaic
301191	mean	65.8	mosaic
301191	TRiXi1	72.4	mosaic
301191	TRiXi3	59.1	mosaic
301195	mean	54.6	mosaic
301195	TRiXi1	52.2	mosaic
301195	TRiXi3	57	mosaic
301197	mean	51	mosaic
301197	TRiXi3	51	mosaic
301198	mean	63.5	mosaic
301198	TRiXi3	63.5	mosaic
301202	mean	54.5	mosaic
301202	TRiXi1	57.4	mosaic
301202	TRiXi3	51.7	mosaic
301206	mean	53	mosaic
301206	TRiXi1	54	mosaic
301206	TRiXi3	52	mosaic
301209	mean	72.1	skewed
301209	TRiXi1	71.3	skewed
301209	TRiXi3	72.9	skewed
301213	mean	88.6	extremely skewed
301213	TRiXi3	88.6	extremely skewed
301215	mean	61.5	mosaic
301215	TRiXi1	61.4	mosaic
301215	TRiXi3	61.7	mosaic
301217	mean	58.8	mosaic
301217	TRiXi1	60.5	mosaic
301217	TRiXi3	57.1	mosaic
301227	mean	87.8	extremely skewed
301227	TRiXi1	90.4	extremely skewed
301227	TRiXi3	85.1	extremely skewed
301228	mean	51.5	mosaic
301228	TRiXi1	51.3	mosaic
301228	TRiXi3	51.6	mosaic
301234	mean	70.3	mosaic
301234	TRiXi1	67.9	mosaic
301234	TRiXi3	72.7	mosaic
301236	mean	64.3	mosaic
301236	TRiXi1	55.7	mosaic
301236	TRiXi3	73	mosaic
301239	mean	65.6	mosaic
301239	TRiXi1	61.7	mosaic
301239	TRiXi3	69.5	mosaic
301245	mean	55.4	mosaic
301245	TRiXi1	58.6	mosaic
301245	TRiXi3	52.1	mosaic
301252	mean	54	mosaic
301252	TRiXi1	52.3	mosaic
301252	TRiXi3	55.7	mosaic
301255	mean	54.4	mosaic
301255	TRiXi1	56.8	mosaic
301255	TRiXi3	52	mosaic
301262	mean	58.3	mosaic
301262	TRiXi1	66.2	mosaic
301262	TRiXi3	50.4	mosaic
301273	mean	61	mosaic
301273	TRiXi1	57.3	mosaic
301273	TRiXi3	64.8	mosaic
301276	mean	55.6	mosaic
301276	TRiXi3	55.6	mosaic
301282	mean	57.5	mosaic
301282	TRiXi1	60	mosaic
301282	TRiXi3	55.1	mosaic
301284	mean	54.1	mosaic
301284	TRiXi3	54.1	mosaic
301295	mean	50.4	mosaic
301295	TRiXi3	50.4	mosaic
301297	mean	50.4	mosaic
301297	TRiXi3	50.4	mosaic
301356	mean	59.4	mosaic
301356	TRiXi1	51	mosaic
301356	TRiXi3	67.8	mosaic
301359	mean	52.2	mosaic
301359	TRiXi1	52.2	mosaic
301363	mean	95.4	extremely skewed
301363	TRiXi1	96.2	extremely skewed
301363	TRiXi3	94.6	extremely skewed
301374	mean	65.2	mosaic
301374	TRiXi1	61.6	mosaic
301374	TRiXi3	68.7	mosaic
301381	mean	56.3	mosaic
301381	TRiXi1	59.9	mosaic
301381	TRiXi3	52.7	mosaic
301383	mean	74.5	skewed
301383	TRiXi1	74.5	skewed
301385	mean	59.2	mosaic
301385	TRiXi3	59.2	mosaic
301394	mean	55	mosaic
301394	TRiXi1	55	mosaic
301402	mean	74.3	skewed
301402	TRiXi1	73.3	skewed
301402	TRiXi3	75.3	skewed
301406	mean	56.2	mosaic
301406	TRiXi1	56.2	mosaic
301410	mean	63.2	mosaic
301410	TRiXi1	62.7	mosaic
301410	TRiXi3	63.6	mosaic
301411	mean	77.6	skewed
301411	TRiXi1	80	skewed
301411	TRiXi3	75.2	skewed
301414	mean	77.7	skewed
301414	TRiXi1	65.9	skewed
301414	TRiXi3	89.4	skewed
301423	mean	51.4	mosaic
301423	TRiXi1	52.2	mosaic
301423	TRiXi3	50.5	mosaic
301425	mean	79.6	skewed
301425	TRiXi3	79.6	skewed
301435	mean	86.4	extremely skewed
301435	TRiXi1	86.4	extremely skewed
301443	mean	64.8	mosaic
301443	TRiXi1	66.4	mosaic
301443	TRiXi3	63.1	mosaic
301445	mean	66.6	mosaic
301445	TRiXi1	66.6	mosaic
301446	mean	64.3	mosaic
301446	TRiXi1	59.9	mosaic
301446	TRiXi3	68.7	mosaic
301447	mean	72.7	skewed
301447	TRiXi1	72.7	skewed
301456	mean	54.4	mosaic
301456	TRiXi1	58.6	mosaic
301456	TRiXi3	50.2	mosaic
301458	mean	58.3	mosaic
301458	TRiXi1	58.3	mosaic
301462	mean	59.1	mosaic
301462	TRiXi1	59.1	mosaic
301463	mean	59	mosaic
301463	TRiXi1	59	mosaic
301463	TRiXi3	59	mosaic
301464	mean	60.9	mosaic
301464	TRiXi1	58.2	mosaic
301464	TRiXi3	63.6	mosaic
301465	mean	71	mosaic
301465	TRiXi1	71	mosaic
301472	mean	57.2	mosaic
301472	TRiXi1	57.2	mosaic
301478	mean	66.4	mosaic
301478	TRiXi1	67.4	mosaic
301478	TRiXi3	65.5	mosaic
301481	mean	73.8	skewed
301481	TRiXi1	68	skewed
301481	TRiXi3	79.6	skewed
301494	mean	53.5	mosaic
301494	TRiXi1	50.4	mosaic
301494	TRiXi3	56.6	mosaic
301495	mean	50.9	mosaic
301495	TRiXi3	50.9	mosaic
301501	mean	64.8	mosaic
301501	TRiXi1	63.7	mosaic
301501	TRiXi3	66	mosaic
301502	mean	65.4	mosaic
301502	TRiXi3	65.4	mosaic
301510	mean	53.9	mosaic
301510	TRiXi1	52.4	mosaic
301510	TRiXi3	55.4	mosaic
301511	mean	55.3	mosaic
301511	TRiXi3	55.3	mosaic
301520	mean	70.3	mosaic
301520	TRiXi1	67.7	mosaic
301520	TRiXi3	73	mosaic
301521	mean	84.3	extremely skewed
301521	TRiXi1	85.2	extremely skewed
301521	TRiXi3	83.4	extremely skewed
301526	mean	56.9	mosaic
301526	TRiXi1	59.2	mosaic
301526	TRiXi3	54.6	mosaic
301528	mean	57.7	mosaic
301528	TRiXi1	56.6	mosaic
301528	TRiXi3	58.7	mosaic
301534	mean	80.1	extremely skewed
301534	TRiXi3	80.1	extremely skewed
301539	mean	54.7	mosaic
301539	TRiXi1	54.7	mosaic
301540	mean	61.4	mosaic
301540	TRiXi1	58.4	mosaic
301540	TRiXi3	64.4	mosaic
301543	mean	58.7	mosaic
301543	TRiXi1	58.6	mosaic
301543	TRiXi3	58.8	mosaic
301546	mean	58.8	mosaic
301546	TRiXi1	61.8	mosaic
301546	TRiXi3	55.7	mosaic
301548	mean	55.6	mosaic
301548	TRiXi1	55.6	mosaic
301549	mean	64.2	mosaic
301549	TRiXi1	57.9	mosaic
301549	TRiXi3	70.5	mosaic
301555	mean	55.6	mosaic
301555	TRiXi1	55.6	mosaic
301556	mean	66.7	mosaic
301556	TRiXi1	66.7	mosaic
301558	mean	52.5	mosaic
301558	TRiXi1	51.3	mosaic
301558	TRiXi3	53.8	mosaic
301559	mean	64.2	mosaic
301559	TRiXi3	64.2	mosaic
301560	mean	78.1	skewed
301560	TRiXi1	81	skewed
301560	TRiXi3	75.2	skewed
301564	mean	69.7	mosaic
301564	TRiXi1	66.5	mosaic
301564	TRiXi3	72.8	mosaic
301570	mean	60.2	mosaic
301570	TRiXi1	60.8	mosaic
301570	TRiXi3	59.7	mosaic
301574	mean	69.7	mosaic
301574	TRiXi1	72.1	mosaic
301574	TRiXi3	67.3	mosaic
301576	mean	57	mosaic
301576	TRiXi3	57	mosaic
301592	mean	58.5	mosaic
301592	TRiXi1	60.1	mosaic
301592	TRiXi3	56.9	mosaic
302504	mean	52.3	mosaic
302504	TRiXi2	50.2	mosaic
302504	TRiXi3	56.4	mosaic
302504	TRiXi4	50.4	mosaic
302632	mean	65.5	mosaic
302632	TRiXi3	61.7	mosaic
302632	TRiXi5	69.3	mosaic
302701	mean	62.5	mosaic
302701	TRiXi1	66.5	mosaic
302701	TRiXi3	58.4	mosaic
302707	mean	75.2	skewed
302707	TRiXi1	74	skewed
302707	TRiXi3	76.4	skewed
302708	mean	58.5	mosaic
302708	TRiXi1	55.5	mosaic
302708	TRiXi3	61.5	mosaic
302709	mean	61.1	mosaic
302709	TRiXi1	61.1	mosaic
302712	mean	61.9	mosaic
302712	TRiXi1	54.4	mosaic
302712	TRiXi3	69.4	mosaic
302714	mean	55.5	mosaic
302714	TRiXi3	55.5	mosaic
302715	mean	68.9	mosaic
302715	TRiXi1	73	mosaic
302715	TRiXi3	64.8	mosaic
302716	mean	65.4	mosaic
302716	TRiXi1	62.5	mosaic
302716	TRiXi3	68.3	mosaic
302717	mean	69.7	mosaic
302717	TRiXi1	64.9	mosaic
302717	TRiXi3	74.5	mosaic
302722	mean	51	mosaic
302722	TRiXi1	52	mosaic
302722	TRiXi3	50.1	mosaic
302724	mean	56	mosaic
302724	TRiXi1	60.7	mosaic
302724	TRiXi3	51.3	mosaic
302727	mean	60.4	mosaic
302727	TRiXi1	57.4	mosaic
302727	TRiXi3	63.4	mosaic
302730	mean	56.5	mosaic
302730	TRiXi1	58.7	mosaic
302730	TRiXi3	54.4	mosaic
302733	mean	57	mosaic
302733	TRiXi1	57.7	mosaic
302733	TRiXi3	56.4	mosaic
302734	mean	68.4	mosaic
302734	TRiXi1	71.1	mosaic
302734	TRiXi3	65.7	mosaic
302739	mean	77	skewed
302739	TRiXi1	76.4	skewed
302739	TRiXi3	77.5	skewed
302740	mean	57.2	mosaic
302740	TRiXi3	57.2	mosaic
302753	mean	55.2	mosaic
302753	TRiXi1	55.2	mosaic
302753	TRiXi3	55.3	mosaic
302754	mean	51.8	mosaic
302754	TRiXi1	50.8	mosaic
302754	TRiXi3	52.7	mosaic
302757	mean	77.6	skewed
302757	TRiXi1	77.6	skewed
302766	mean	54	mosaic
302766	TRiXi1	52.8	mosaic
302766	TRiXi3	55.2	mosaic
302767	mean	53.6	mosaic
302767	TRiXi1	52.7	mosaic
302767	TRiXi3	54.5	mosaic
302806	mean	50.6	mosaic
302806	TRiXi1	50.1	mosaic
302806	TRiXi3	51.1	mosaic
302815	mean	63.2	mosaic
302815	TRiXi1	64.1	mosaic
302815	TRiXi3	62.3	mosaic
302825	mean	84.7	extremely skewed
302825	TRiXi1	84.7	extremely skewed
302828	mean	58.6	mosaic
302828	TRiXi1	63.5	mosaic
302828	TRiXi3	53.7	mosaic
302830	mean	52.1	mosaic
302830	TRiXi1	51.3	mosaic
302830	TRiXi3	52.9	mosaic
302838	mean	59	mosaic
302838	TRiXi1	56.3	mosaic
302838	TRiXi3	61.7	mosaic
302843	mean	59.5	mosaic
302843	TRiXi1	59.5	mosaic
302851	mean	56.2	mosaic
302851	TRiXi3	56.2	mosaic
302852	mean	50.7	mosaic
302852	TRiXi1	51.2	mosaic
302852	TRiXi3	50.1	mosaic
302856	mean	63.8	mosaic
302856	TRiXi1	63.8	mosaic
302858	mean	53.3	mosaic
302858	TRiXi1	54.8	mosaic
302858	TRiXi3	51.8	mosaic
302860	mean	58.7	mosaic
302860	TRiXi1	61	mosaic
302860	TRiXi3	56.4	mosaic
302862	mean	54.2	mosaic
302862	TRiXi1	54.2	mosaic
302862	TRiXi3	54.3	mosaic
302863	mean	56.1	mosaic
302863	TRiXi1	61.3	mosaic
302863	TRiXi3	50.9	mosaic
302864	mean	53.3	mosaic
302864	TRiXi3	53.3	mosaic
302868	mean	53.6	mosaic
302868	TRiXi1	50.9	mosaic
302868	TRiXi3	56.3	mosaic
302871	mean	53.7	mosaic
302871	TRiXi3	53.7	mosaic
302873	mean	60	mosaic
302873	TRiXi1	59.5	mosaic
302873	TRiXi3	60.5	mosaic
302878	mean	52.2	mosaic
302878	TRiXi3	52.2	mosaic
302880	mean	77.3	skewed
302880	TRiXi3	77.3	skewed
302885	mean	61.2	mosaic
302885	TRiXi1	60.6	mosaic
302885	TRiXi3	61.9	mosaic
302889	mean	54.9	mosaic
302889	TRiXi1	53.1	mosaic
302889	TRiXi3	56.7	mosaic
302903	mean	56	mosaic
302903	TRiXi1	60.8	mosaic
302903	TRiXi3	51.3	mosaic
302939	mean	55.7	mosaic
302939	TRiXi1	55.7	mosaic
302966	mean	51.9	mosaic
302966	TRiXi1	52.2	mosaic
302966	TRiXi3	51.5	mosaic
302977	mean	65.3	mosaic
302977	TRiXi1	60	mosaic
302977	TRiXi3	70.6	mosaic
302980	mean	74.8	skewed
302980	TRiXi1	74	skewed
302980	TRiXi3	75.7	skewed
302986	mean	56.8	mosaic
302986	TRiXi3	56.8	mosaic
303005	mean	58.1	mosaic
303005	TRiXi1	54.2	mosaic
303005	TRiXi3	62	mosaic
303008	mean	53.2	mosaic
303008	TRiXi1	53.4	mosaic
303008	TRiXi3	53	mosaic
303013	mean	65.8	mosaic
303013	TRiXi1	62.3	mosaic
303013	TRiXi3	69.3	mosaic
303023	mean	66.6	mosaic
303023	TRiXi1	75.5	mosaic
303023	TRiXi3	57.7	mosaic
303031	mean	70.6	mosaic
303031	TRiXi1	67.7	mosaic
303031	TRiXi3	73.5	mosaic
303037	mean	53.5	mosaic
303037	TRiXi1	53	mosaic
303037	TRiXi3	54.1	mosaic
303044	mean	57.1	mosaic
303044	TRiXi1	61.5	mosaic
303044	TRiXi3	52.7	mosaic
303047	mean	62.4	mosaic
303047	TRiXi1	60	mosaic
303047	TRiXi3	64.7	mosaic
303197	mean	75.5	skewed
303197	TRiXi1	73.1	skewed
303197	TRiXi3	77.9	skewed
303201	mean	54.5	mosaic
303201	TRiXi1	53.5	mosaic
303201	TRiXi3	55.6	mosaic
303202	mean	51.8	mosaic
303202	TRiXi1	52.8	mosaic
303202	TRiXi3	50.8	mosaic
303208	mean	64	mosaic
303208	TRiXi1	66.8	mosaic
303208	TRiXi3	61.1	mosaic
303214	mean	73.3	skewed
303214	TRiXi1	76.4	skewed
303214	TRiXi3	70.3	skewed
303220	mean	60.3	mosaic
303220	TRiXi1	60.3	mosaic
303224	mean	60.4	mosaic
303224	TRiXi1	54.8	mosaic
303224	TRiXi3	66	mosaic
303227	mean	67.2	mosaic
303227	TRiXi1	67.4	mosaic
303227	TRiXi3	66.9	mosaic
303234	mean	59.1	mosaic
303234	TRiXi1	59.1	mosaic
303235	mean	73.2	skewed
303235	TRiXi1	73.2	skewed
303271	mean	64.6	mosaic
303271	TRiXi1	60.3	mosaic
303271	TRiXi3	68.8	mosaic
303282	mean	57.6	mosaic
303282	TRiXi1	62.5	mosaic
303282	TRiXi3	52.7	mosaic
303286	mean	53.9	mosaic
303286	TRiXi1	53.9	mosaic
303294	mean	61.7	mosaic
303294	TRiXi1	59	mosaic
303294	TRiXi3	64.4	mosaic
303299	mean	54	mosaic
303299	TRiXi1	53.7	mosaic
303299	TRiXi3	54.2	mosaic
303307	mean	54.5	mosaic
303307	TRiXi1	52.8	mosaic
303307	TRiXi3	56.3	mosaic
303402	mean	63.7	mosaic
303402	TRiXi1	65.4	mosaic
303402	TRiXi3	62	mosaic
303411	mean	67.9	mosaic
303411	TRiXi1	67	mosaic
303411	TRiXi3	68.8	mosaic
303419	mean	93.3	extremely skewed
303419	TRiXi1	95.1	extremely skewed
303419	TRiXi3	91.5	extremely skewed
303420	mean	75.3	skewed
303420	TRiXi1	73.8	skewed
303420	TRiXi3	76.9	skewed
303422	mean	77.6	skewed
303422	TRiXi1	70.8	skewed
303422	TRiXi3	84.4	skewed
303423	mean	64	mosaic
303423	TRiXi3	64	mosaic
303428	mean	59.9	mosaic
303428	TRiXi1	59.9	mosaic
303432	mean	56.1	mosaic
303432	TRiXi1	61.1	mosaic
303432	TRiXi3	51.1	mosaic
303435	mean	56.1	mosaic
303435	TRiXi1	55.8	mosaic
303435	TRiXi3	56.4	mosaic
303438	mean	57.5	mosaic
303438	TRiXi1	63.3	mosaic
303438	TRiXi3	51.6	mosaic
303439	mean	58.4	mosaic
303439	TRiXi1	58.7	mosaic
303439	TRiXi3	58	mosaic
303440	mean	74	skewed
303440	TRiXi1	81.1	skewed
303440	TRiXi3	66.9	skewed
303455	mean	58.9	mosaic
303455	TRiXi3	58.9	mosaic
303457	mean	57.9	mosaic
303457	TRiXi1	57.9	mosaic
303459	mean	50.8	mosaic
303459	TRiXi1	50.8	mosaic
303466	mean	68.6	mosaic
303466	TRiXi1	69.3	mosaic
303466	TRiXi3	67.8	mosaic
303467	mean	66.8	mosaic
303467	TRiXi1	68.4	mosaic
303467	TRiXi3	65.2	mosaic
303476	mean	55	mosaic
303476	TRiXi1	50.9	mosaic
303476	TRiXi3	59.1	mosaic
303479	mean	64.2	mosaic
303479	TRiXi1	65.5	mosaic
303479	TRiXi3	62.9	mosaic
303486	mean	65.8	mosaic
303486	TRiXi1	61.4	mosaic
303486	TRiXi3	70.1	mosaic
303497	mean	52.5	mosaic
303497	TRiXi1	52.2	mosaic
303497	TRiXi3	52.7	mosaic
303499	mean	57.4	mosaic
303499	TRiXi1	57.4	mosaic
303500	mean	63.7	mosaic
303500	TRiXi1	63.7	mosaic
303502	mean	65.8	mosaic
303502	TRiXi1	64	mosaic
303502	TRiXi3	67.7	mosaic
303503	mean	56.8	mosaic
303503	TRiXi1	55.9	mosaic
303503	TRiXi3	57.8	mosaic
303504	mean	53.1	mosaic
303504	TRiXi1	53.5	mosaic
303504	TRiXi3	52.8	mosaic
303505	mean	59.7	mosaic
303505	TRiXi1	63.2	mosaic
303505	TRiXi3	56.1	mosaic
303510	mean	53.7	mosaic
303510	TRiXi1	54.4	mosaic
303510	TRiXi3	53	mosaic
303517	mean	59	mosaic
303517	TRiXi1	62.2	mosaic
303517	TRiXi3	55.7	mosaic
303518	mean	55.2	mosaic
303518	TRiXi1	51	mosaic
303518	TRiXi3	59.5	mosaic
303523	mean	61.9	mosaic
303523	TRiXi1	51.6	mosaic
303523	TRiXi3	72.2	mosaic
303544	mean	54.2	mosaic
303544	TRiXi1	54.2	mosaic
303616	mean	55	mosaic
303616	TRiXi1	59.9	mosaic
303616	TRiXi3	50.2	mosaic
303620	mean	52.4	mosaic
303620	TRiXi1	51.7	mosaic
303620	TRiXi3	53.1	mosaic
303628	mean	50.9	mosaic
303628	TRiXi1	50.9	mosaic
303630	mean	63.9	mosaic
303630	TRiXi1	60.3	mosaic
303630	TRiXi3	67.6	mosaic
303632	mean	53.4	mosaic
303632	TRiXi1	53.6	mosaic
303632	TRiXi3	53.2	mosaic
303636	mean	71.9	skewed
303636	TRiXi1	71.9	skewed
303637	mean	53.4	mosaic
303637	TRiXi1	54	mosaic
303637	TRiXi3	52.7	mosaic
303638	mean	53	mosaic
303638	TRiXi1	54.5	mosaic
303638	TRiXi3	51.6	mosaic
303640	mean	85.7	extremely skewed
303640	TRiXi1	85.7	extremely skewed
303646	mean	56.3	mosaic
303646	TRiXi1	61.7	mosaic
303646	TRiXi3	50.9	mosaic
303648	mean	67.9	mosaic
303648	TRiXi3	67.9	mosaic
303653	mean	67.3	mosaic
303653	TRiXi1	67.3	mosaic
303655	mean	76.7	skewed
303655	TRiXi3	76.7	skewed
303657	mean	65.4	mosaic
303657	TRiXi1	60.4	mosaic
303657	TRiXi3	70.5	mosaic
303660	mean	53.9	mosaic
303660	TRiXi3	53.9	mosaic
303663	mean	69.3	mosaic
303663	TRiXi1	73.9	mosaic
303663	TRiXi3	64.7	mosaic
303664	mean	66.2	mosaic
303664	TRiXi1	66.2	mosaic
303666	mean	69.4	mosaic
303666	TRiXi1	66	mosaic
303666	TRiXi3	72.8	mosaic
303670	mean	82.5	extremely skewed
303670	TRiXi1	82.5	extremely skewed
303671	mean	62	mosaic
303671	TRiXi1	62	mosaic
303672	mean	75.3	skewed
303672	TRiXi1	77.8	skewed
303672	TRiXi3	72.8	skewed
303673	mean	53.3	mosaic
303673	TRiXi3	53.3	mosaic
303675	mean	71.3	skewed
303675	TRiXi1	69.3	skewed
303675	TRiXi3	73.4	skewed
303681	mean	62	mosaic
303681	TRiXi1	61.7	mosaic
303681	TRiXi3	62.3	mosaic
303682	mean	51.9	mosaic
303682	TRiXi1	51.9	mosaic
303683	mean	63.1	mosaic
303683	TRiXi1	63.1	mosaic
303684	mean	87.5	extremely skewed
303684	TRiXi1	88.2	extremely skewed
303684	TRiXi3	86.8	extremely skewed
303686	mean	82.5	extremely skewed
303686	TRiXi3	82.5	extremely skewed
303688	mean	72.4	skewed
303688	TRiXi1	72.8	skewed
303688	TRiXi3	72	skewed
303690	mean	59.3	mosaic
303690	TRiXi1	67.8	mosaic
303690	TRiXi3	50.9	mosaic
303695	mean	70.7	mosaic
303695	TRiXi1	77.6	mosaic
303695	TRiXi3	63.7	mosaic
303699	mean	57.2	mosaic
303699	TRiXi1	64.2	mosaic
303699	TRiXi3	50.3	mosaic
303703	mean	83.1	extremely skewed
303703	TRiXi1	81.9	extremely skewed
303703	TRiXi3	84.3	extremely skewed
303704	mean	50.3	mosaic
303704	TRiXi1	50.3	mosaic
303712	mean	62.4	mosaic
303712	TRiXi3	62.4	mosaic
303713	mean	80.5	extremely skewed
303713	TRiXi1	80.5	extremely skewed
303714	mean	65.3	mosaic
303714	TRiXi1	56	mosaic
303714	TRiXi3	74.7	mosaic
303717	mean	51.3	mosaic
303717	TRiXi3	51.3	mosaic
303718	mean	64.7	mosaic
303718	TRiXi1	64.5	mosaic
303718	TRiXi3	64.9	mosaic
303730	mean	58	mosaic
303730	TRiXi1	58.4	mosaic
303730	TRiXi3	57.5	mosaic
303737	mean	64.2	mosaic
303737	TRiXi1	64.2	mosaic
303740	mean	56.9	mosaic
303740	TRiXi1	59.9	mosaic
303740	TRiXi3	53.9	mosaic
303745	mean	56.1	mosaic
303745	TRiXi1	55.5	mosaic
303745	TRiXi3	56.8	mosaic
303756	mean	54.6	mosaic
303756	TRiXi1	54.6	mosaic
303757	mean	64.6	mosaic
303757	TRiXi1	64.6	mosaic
303762	mean	72.5	skewed
303762	TRiXi1	72.7	skewed
303762	TRiXi3	72.3	skewed
303767	mean	62.9	mosaic
303767	TRiXi3	62.9	mosaic
303768	mean	58.5	mosaic
303768	TRiXi3	58.5	mosaic
303772	mean	65	mosaic
303772	TRiXi1	64.5	mosaic
303772	TRiXi3	65.4	mosaic
303773	mean	51.5	mosaic
303773	TRiXi1	51.3	mosaic
303773	TRiXi3	51.7	mosaic
303778	mean	54.7	mosaic
303778	TRiXi1	54.7	mosaic
303786	mean	71.2	skewed
303786	TRiXi3	71.2	skewed
303787	mean	72.2	skewed
303787	TRiXi1	71.1	skewed
303787	TRiXi3	73.3	skewed
303795	mean	67	mosaic
303795	TRiXi3	67	mosaic
303799	mean	56.9	mosaic
303799	TRiXi1	59.6	mosaic
303799	TRiXi3	54.2	mosaic
303800	mean	73.1	skewed
303800	TRiXi3	73.1	skewed
305105	mean	58.3	mosaic
305105	TRiXi1	55.1	mosaic
305105	TRiXi3	61.5	mosaic
305127	mean	62.5	mosaic
305127	TRiXi1	57	mosaic
305127	TRiXi3	67.9	mosaic
305130	mean	59.8	mosaic
305130	TRiXi1	56	mosaic
305130	TRiXi3	63.5	mosaic
305131	mean	59	mosaic
305131	TRiXi1	52.6	mosaic
305131	TRiXi3	65.5	mosaic
305151	mean	61.5	mosaic
305151	TRiXi1	66.2	mosaic
305151	TRiXi3	56.9	mosaic
305163	mean	69.9	mosaic
305163	TRiXi1	63.7	mosaic
305163	TRiXi3	76.1	mosaic
305165	mean	75	skewed
305165	TRiXi1	75.1	skewed
305165	TRiXi3	74.9	skewed
305177	mean	66.4	mosaic
305177	TRiXi3	66.4	mosaic
305354	mean	66.7	mosaic
305354	TRiXi1	66.7	mosaic
305369	mean	58.4	mosaic
305369	TRiXi1	57	mosaic
305369	TRiXi3	59.7	mosaic
305379	mean	59	mosaic
305379	TRiXi3	59	mosaic
305382	mean	58.1	mosaic
305382	TRiXi1	58.1	mosaic
305391	mean	53.8	mosaic
305391	TRiXi1	56.8	mosaic
305391	TRiXi3	50.8	mosaic
307816	mean	67	mosaic
307816	TRiXi3	67	mosaic
307821	mean	53.5	mosaic
307821	TRiXi3	53.5	mosaic
307822	mean	57.7	mosaic
307822	TRiXi1	60.6	mosaic
307822	TRiXi3	54.7	mosaic
307827	mean	77.7	skewed
307827	TRiXi1	85.2	skewed
307827	TRiXi3	70.1	skewed
307832	mean	52.4	mosaic
307832	TRiXi1	52.9	mosaic
307832	TRiXi3	51.9	mosaic
307835	mean	58.6	mosaic
307835	TRiXi3	58.6	mosaic
307837	mean	55.3	mosaic
307837	TRiXi1	52.3	mosaic
307837	TRiXi3	58.3	mosaic
307838	mean	66.3	mosaic
307838	TRiXi1	69.6	mosaic
307838	TRiXi3	63.1	mosaic
307839	mean	84.4	extremely skewed
307839	TRiXi1	90.6	extremely skewed
307839	TRiXi3	78.3	extremely skewed
307899	mean	51.8	mosaic
307899	TRiXi1	51.8	mosaic
307902	mean	71.2	skewed
307902	TRiXi1	78.1	skewed
307902	TRiXi3	64.3	skewed
307903	mean	53.9	mosaic
307903	TRiXi1	57.7	mosaic
307903	TRiXi3	50.1	mosaic
307915	mean	61.7	mosaic
307915	TRiXi1	60.9	mosaic
307915	TRiXi3	62.5	mosaic
307917	mean	71.5	skewed
307917	TRiXi1	69	skewed
307917	TRiXi3	74	skewed
307919	mean	67.5	mosaic
307919	TRiXi1	67.5	mosaic
307921	mean	64.6	mosaic
307921	TRiXi1	58	mosaic
307921	TRiXi3	71.1	mosaic
307924	mean	64.7	mosaic
307924	TRiXi3	64.7	mosaic
307927	mean	85.5	extremely skewed
307927	TRiXi1	85.5	extremely skewed
307929	mean	50.2	mosaic
307929	TRiXi3	50.2	mosaic
307933	mean	54.8	mosaic
307933	TRiXi1	50.2	mosaic
307933	TRiXi3	59.3	mosaic
307937	mean	55.4	mosaic
307937	TRiXi1	52.3	mosaic
307937	TRiXi3	58.5	mosaic
307938	mean	54	mosaic
307938	TRiXi1	57.3	mosaic
307938	TRiXi3	50.7	mosaic
307940	mean	71.2	skewed
307940	TRiXi1	73.4	skewed
307940	TRiXi3	68.9	skewed
307942	mean	53.6	mosaic
307942	TRiXi1	55.6	mosaic
307942	TRiXi3	51.6	mosaic
307959	mean	60.7	mosaic
307959	TRiXi1	60.7	mosaic
307973	mean	59.8	mosaic
307973	TRiXi1	58.3	mosaic
307973	TRiXi3	61.4	mosaic
307974	mean	62.2	mosaic
307974	TRiXi1	62.2	mosaic
307976	mean	55.6	mosaic
307976	TRiXi3	55.6	mosaic
307999	mean	59.4	mosaic
307999	TRiXi1	60.6	mosaic
307999	TRiXi3	58.2	mosaic
309242	mean	76.8	skewed
309242	TRiXi1	80.9	skewed
309242	TRiXi2	74	skewed
309242	TRiXi4	78.4	skewed
309242	TRiXi5	73.8	skewed
313013	mean	53.7	mosaic
313013	TRiXi1	55.8	mosaic
313013	TRiXi3	54.2	mosaic
313013	TRiXi4	52	mosaic
313013	TRiXi5	52.7	mosaic
313605	mean	61.1	mosaic
313605	TRiXi1	58	mosaic
313605	TRiXi2	59.5	mosaic
313605	TRiXi3	62.2	mosaic
313605	TRiXi4	64.4	mosaic
313605	TRiXi5	61.2	mosaic
313609	mean	62.4	mosaic
313609	TRiXi1	63.9	mosaic
313609	TRiXi2	66.9	mosaic
313609	TRiXi3	65.6	mosaic
313609	TRiXi4	53.3	mosaic
313633	mean	72.3	skewed
313633	TRiXi3	72.3	skewed
313639	mean	64.2	mosaic
313639	TRiXi1	62.8	mosaic
313639	TRiXi3	65.5	mosaic
313642	mean	58.4	mosaic
313642	TRiXi1	58.4	mosaic
313644	mean	56.6	mosaic
313644	TRiXi1	60.2	mosaic
313644	TRiXi2	53.6	mosaic
313644	TRiXi3	60.3	mosaic
313644	TRiXi4	52.2	mosaic
313668	mean	82.2	extremely skewed
313668	TRiXi1	80.4	extremely skewed
313668	TRiXi2	85.4	extremely skewed
313668	TRiXi3	79.2	extremely skewed
313668	TRiXi5	83.6	extremely skewed
313673	mean	54.7	mosaic
313673	TRiXi1	51.4	mosaic
313673	TRiXi3	56	mosaic
313673	TRiXi4	56.6	mosaic
313690	mean	67.1	mosaic
313690	TRiXi1	61.1	mosaic
313690	TRiXi2	68	mosaic
313690	TRiXi3	71.2	mosaic
313690	TRiXi4	66.7	mosaic
313690	TRiXi5	68.3	mosaic
313694	mean	60.1	mosaic
313694	TRiXi1	65.5	mosaic
313694	TRiXi3	54.7	mosaic
313696	mean	52.2	mosaic
313696	TRiXi2	54.5	mosaic
313696	TRiXi5	51.7	mosaic
313697	mean	67.1	mosaic
313697	TRiXi1	72.3	mosaic
313697	TRiXi2	61.2	mosaic
313697	TRiXi3	67	mosaic
313697	TRiXi5	67.9	mosaic
314100	mean	57.1	mosaic
314100	TRiXi1	57.2	mosaic
314100	TRiXi2	69.2	mosaic
314100	TRiXi3	51	mosaic
314100	TRiXi4	56.4	mosaic
314100	TRiXi5	51.6	mosaic
314311	mean	65	mosaic
314311	TRiXi1	70.3	mosaic
314311	TRiXi5	59.6	mosaic
315015	mean	55.8	mosaic
315015	TRiXi1	56.2	mosaic
315015	TRiXi2	51.8	mosaic
315015	TRiXi3	54.1	mosaic
315015	TRiXi5	60.9	mosaic
315049	mean	84.2	extremely skewed
315049	TRiXi1	94.9	extremely skewed
315049	TRiXi2	81	extremely skewed
315049	TRiXi3	73	extremely skewed
315049	TRiXi5	88.1	extremely skewed
315058	mean	66.7	mosaic
315058	TRiXi1	63.1	mosaic
315058	TRiXi2	82	mosaic
315058	TRiXi3	69.9	mosaic
315058	TRiXi5	51.9	mosaic
315077	mean	60.9	mosaic
315077	TRiXi3	60.9	mosaic
315092	mean	62.9	mosaic
315092	TRiXi3	63.2	mosaic
315092	TRiXi4	64.8	mosaic
315092	TRiXi5	60.6	mosaic
315129	mean	64.1	mosaic
315129	TRiXi1	68	mosaic
315129	TRiXi2	69.6	mosaic
315129	TRiXi3	54.3	mosaic
315163	mean	54.5	mosaic
315163	TRiXi4	53.7	mosaic
315163	TRiXi5	55.2	mosaic
315186	mean	68	mosaic
315186	TRiXi1	65.5	mosaic
315186	TRiXi3	70.5	mosaic
315188	mean	69.9	mosaic
315188	TRiXi1	78.7	mosaic
315188	TRiXi2	51.3	mosaic
315188	TRiXi3	73.2	mosaic
315188	TRiXi4	64.4	mosaic
315188	TRiXi5	82	mosaic
315199	mean	67.5	mosaic
315199	TRiXi1	71.5	mosaic
315199	TRiXi2	69.7	mosaic
315199	TRiXi3	61.3	mosaic
315199	TRiXi5	67.6	mosaic
315202	mean	63.2	mosaic
315202	TRiXi1	58.9	mosaic
315202	TRiXi2	71.9	mosaic
315202	TRiXi3	60.8	mosaic
315202	TRiXi4	59.3	mosaic
315202	TRiXi5	65	mosaic
315215	mean	68.8	mosaic
315215	TRiXi2	74.1	mosaic
315215	TRiXi3	56.5	mosaic
315215	TRiXi4	74.1	mosaic
315215	TRiXi5	70.4	mosaic
315222	mean	55.2	mosaic
315222	TRiXi1	52.1	mosaic
315222	TRiXi3	58.4	mosaic
315228	mean	52.8	mosaic
315228	TRiXi3	51.7	mosaic
315228	TRiXi4	53.9	mosaic
315269	mean	52.5	mosaic
315269	TRiXi1	53.8	mosaic
315269	TRiXi3	51.2	mosaic
315313	mean	57.8	mosaic
315313	TRiXi3	63.7	mosaic
315313	TRiXi4	50.6	mosaic
315313	TRiXi5	59	mosaic
315324	mean	53.7	mosaic
315324	TRiXi1	50.2	mosaic
315324	TRiXi2	57	mosaic
315324	TRiXi3	51	mosaic
315324	TRiXi4	56.5	mosaic
315326	mean	58.8	mosaic
315326	TRiXi1	66.5	mosaic
315326	TRiXi2	51.3	mosaic
315326	TRiXi5	58.6	mosaic
315339	mean	58	mosaic
315339	TRiXi1	59.7	mosaic
315339	TRiXi3	56.4	mosaic
315385	mean	55	mosaic
315385	TRiXi1	55.9	mosaic
315385	TRiXi3	54.8	mosaic
315385	TRiXi5	54.4	mosaic
315386	mean	54.2	mosaic
315386	TRiXi1	59.2	mosaic
315386	TRiXi2	55.9	mosaic
315386	TRiXi3	50.4	mosaic
315386	TRiXi5	51.2	mosaic
315400	mean	75.9	skewed
315400	TRiXi1	83.3	skewed
315400	TRiXi2	74.4	skewed
315400	TRiXi3	73.9	skewed
315400	TRiXi4	76.6	skewed
315400	TRiXi5	71.5	skewed
315867	mean	63.8	mosaic
315867	TRiXi1	57.5	mosaic
315867	TRiXi3	70.1	mosaic
315906	mean	59.1	mosaic
315906	TRiXi1	53.6	mosaic
315906	TRiXi2	66.1	mosaic
315906	TRiXi5	57.5	mosaic
315911	mean	59.6	mosaic
315911	TRiXi1	52.8	mosaic
315911	TRiXi2	62	mosaic
315911	TRiXi3	57.2	mosaic
315911	TRiXi4	59.3	mosaic
315911	TRiXi5	66.7	mosaic
315918	mean	67.2	mosaic
315918	TRiXi1	66.9	mosaic
315918	TRiXi3	67.6	mosaic
315922	mean	64	mosaic
315922	TRiXi1	66.3	mosaic
315922	TRiXi2	66.2	mosaic
315922	TRiXi5	59.4	mosaic
315945	mean	65.5	mosaic
315945	TRiXi1	69.7	mosaic
315945	TRiXi3	61.3	mosaic
315952	mean	69.8	mosaic
315952	TRiXi1	66	mosaic
315952	TRiXi2	73.4	mosaic
315952	TRiXi3	69.2	mosaic
315952	TRiXi5	70.4	mosaic
315973	mean	68	mosaic
315973	TRiXi1	61.8	mosaic
315973	TRiXi2	63.7	mosaic
315973	TRiXi4	72.9	mosaic
315973	TRiXi5	73.7	mosaic
315988	mean	81.2	extremely skewed
315988	TRiXi1	88.7	extremely skewed
315988	TRiXi3	73.8	extremely skewed
316010	mean	57.2	mosaic
316010	TRiXi1	55	mosaic
316010	TRiXi3	59.4	mosaic
316274	mean	75.4	skewed
316274	TRiXi2	78.4	skewed
316274	TRiXi3	77	skewed
316274	TRiXi5	70.9	skewed
316301	mean	61.6	mosaic
316301	TRiXi1	61.6	mosaic
316302	mean	61.3	mosaic
316302	TRiXi2	59.1	mosaic
316302	TRiXi5	63.5	mosaic
316314	mean	50.5	mosaic
316314	TRiXi1	50.9	mosaic
316314	TRiXi3	50.1	mosaic
316315	mean	57.6	mosaic
316315	TRiXi3	57.6	mosaic
316324	mean	59.4	mosaic
316324	TRiXi1	62.1	mosaic
316324	TRiXi2	63.4	mosaic
316324	TRiXi3	59.8	mosaic
316324	TRiXi5	52.4	mosaic
316327	mean	58.1	mosaic
316327	TRiXi1	56.6	mosaic
316327	TRiXi2	55.6	mosaic
316327	TRiXi3	57.2	mosaic
316327	TRiXi5	62.9	mosaic
316340	mean	85	extremely skewed
316340	TRiXi1	86.2	extremely skewed
316340	TRiXi2	80.6	extremely skewed
316340	TRiXi3	88.2	extremely skewed
316345	mean	51.5	mosaic
316345	TRiXi1	53.5	mosaic
316345	TRiXi3	50	mosaic
316345	TRiXi5	51.1	mosaic
316346	mean	62.9	mosaic
316346	TRiXi3	62.9	mosaic
316348	mean	70.7	mosaic
316348	TRiXi1	75.6	mosaic
316348	TRiXi2	69.8	mosaic
316348	TRiXi3	71.2	mosaic
316348	TRiXi4	75.1	mosaic
316348	TRiXi5	62	mosaic
316354	mean	67.6	mosaic
316354	TRiXi1	75.1	mosaic
316354	TRiXi3	60.1	mosaic
316367	mean	61	mosaic
316367	TRiXi1	61	mosaic
316373	mean	64.4	mosaic
316373	TRiXi1	71	mosaic
316373	TRiXi3	70.6	mosaic
316373	TRiXi4	54.9	mosaic
316373	TRiXi5	61	mosaic
316387	mean	76.3	skewed
316387	TRiXi1	74.8	skewed
316387	TRiXi3	77.8	skewed
316389	mean	83.6	extremely skewed
316389	TRiXi1	85.1	extremely skewed
316389	TRiXi2	86.4	extremely skewed
316389	TRiXi3	77.4	extremely skewed
316389	TRiXi4	83.1	extremely skewed
316389	TRiXi5	85.8	extremely skewed
316415	mean	70.5	mosaic
316415	TRiXi1	70.5	mosaic
316468	mean	67	mosaic
316468	TRiXi1	67	mosaic
316472	mean	51.8	mosaic
316472	TRiXi1	51.3	mosaic
316472	TRiXi3	52.3	mosaic
316476	mean	73	skewed
316476	TRiXi1	63.2	skewed
316476	TRiXi3	73.5	skewed
316476	TRiXi5	82.2	skewed
316493	mean	61.4	mosaic
316493	TRiXi1	54.1	mosaic
316493	TRiXi2	65.9	mosaic
316493	TRiXi4	64.2	mosaic
316502	mean	57.8	mosaic
316502	TRiXi1	56.8	mosaic
316502	TRiXi3	58.9	mosaic
316517	mean	55	mosaic
316517	TRiXi1	57.2	mosaic
316517	TRiXi3	52.7	mosaic
316544	mean	61.9	mosaic
316544	TRiXi3	64.4	mosaic
316544	TRiXi5	59.4	mosaic
316558	mean	56.2	mosaic
316558	TRiXi1	50.7	mosaic
316558	TRiXi3	61.6	mosaic
316561	mean	61	mosaic
316561	TRiXi1	65.5	mosaic
316561	TRiXi2	54.1	mosaic
316561	TRiXi3	62	mosaic
316561	TRiXi4	62.4	mosaic
316568	mean	58.8	mosaic
316568	TRiXi1	53.6	mosaic
316568	TRiXi3	63.9	mosaic
316604	mean	57	mosaic
316604	TRiXi1	60.4	mosaic
316604	TRiXi3	62.5	mosaic
316604	TRiXi4	50.8	mosaic
316604	TRiXi5	54.4	mosaic
316611	mean	52.9	mosaic
316611	TRiXi2	57.3	mosaic
316611	TRiXi3	50.7	mosaic
316611	TRiXi4	54.4	mosaic
316611	TRiXi5	51.8	mosaic
316613	mean	54.2	mosaic
316613	TRiXi1	53.8	mosaic
316613	TRiXi3	56.3	mosaic
316613	TRiXi4	52.4	mosaic
316635	mean	61.3	mosaic
316635	TRiXi1	68.7	mosaic
316635	TRiXi2	71.5	mosaic
316635	TRiXi3	57.6	mosaic
316635	TRiXi4	55.1	mosaic
316635	TRiXi5	53.6	mosaic
316647	mean	64.5	mosaic
316647	TRiXi1	60.4	mosaic
316647	TRiXi2	67.5	mosaic
316647	TRiXi3	71.1	mosaic
316647	TRiXi5	59.1	mosaic
316652	mean	81.9	extremely skewed
316652	TRiXi1	84.8	extremely skewed
316652	TRiXi3	79	extremely skewed
316653	mean	64.3	mosaic
316653	TRiXi1	55.4	mosaic
316653	TRiXi3	73.3	mosaic
316654	mean	73.3	skewed
316654	TRiXi2	78.3	skewed
316654	TRiXi3	66.3	skewed
316654	TRiXi4	70.9	skewed
316654	TRiXi5	77.7	skewed
316662	mean	57.2	mosaic
316662	TRiXi1	56.7	mosaic
316662	TRiXi2	56.8	mosaic
316662	TRiXi3	55.5	mosaic
316662	TRiXi4	61.8	mosaic
316662	TRiXi5	55.4	mosaic
316676	mean	55.5	mosaic
316676	TRiXi1	53.4	mosaic
316676	TRiXi2	59	mosaic
316676	TRiXi5	54.2	mosaic
316680	mean	54.7	mosaic
316680	TRiXi3	54.7	mosaic
316683	mean	55.3	mosaic
316683	TRiXi1	54.8	mosaic
316683	TRiXi2	54.7	mosaic
316683	TRiXi3	50.5	mosaic
316683	TRiXi4	63.1	mosaic
316683	TRiXi5	53.4	mosaic
316689	mean	64.7	mosaic
316689	TRiXi1	64.8	mosaic
316689	TRiXi2	66	mosaic
316689	TRiXi3	63.7	mosaic
316689	TRiXi5	64.4	mosaic
316700	mean	73	skewed
316700	TRiXi1	75.5	skewed
316700	TRiXi2	77.8	skewed
316700	TRiXi3	68.3	skewed
316700	TRiXi4	70.3	skewed
316707	mean	60.9	mosaic
316707	TRiXi1	52.3	mosaic
316707	TRiXi2	52.9	mosaic
316707	TRiXi3	60.9	mosaic
316707	TRiXi5	77.4	mosaic
316714	mean	63.3	mosaic
316714	TRiXi2	54	mosaic
316714	TRiXi3	68.1	mosaic
316721	mean	52	mosaic
316721	TRiXi2	51	mosaic
316721	TRiXi3	53.7	mosaic
316721	TRiXi5	51.4	mosaic
316732	mean	51.8	mosaic
316732	TRiXi1	51.8	mosaic
316755	mean	71.7	skewed
316755	TRiXi3	71.7	skewed
316757	mean	65.2	mosaic
316757	TRiXi1	72.1	mosaic
316757	TRiXi3	58.2	mosaic
316765	mean	66.2	mosaic
316765	TRiXi1	71.6	mosaic
316765	TRiXi3	60.9	mosaic
316769	mean	63.3	mosaic
316769	TRiXi1	66	mosaic
316769	TRiXi3	60.6	mosaic
316785	mean	62.3	mosaic
316785	TRiXi1	61.6	mosaic
316785	TRiXi3	63	mosaic
316795	mean	69.5	mosaic
316795	TRiXi2	68.8	mosaic
316798	mean	60.2	mosaic
316798	TRiXi1	65.5	mosaic
316798	TRiXi3	58.8	mosaic
316798	TRiXi4	53	mosaic
316798	TRiXi5	63.7	mosaic
316803	mean	83.3	extremely skewed
316803	TRiXi1	76.6	extremely skewed
316803	TRiXi4	87.4	extremely skewed
316803	TRiXi5	83.9	extremely skewed
316809	mean	60.6	mosaic
316809	TRiXi3	51.5	mosaic
316809	TRiXi4	54.1	mosaic
316809	TRiXi5	76.3	mosaic
316819	mean	72.9	skewed
316819	TRiXi1	72.9	skewed
316820	mean	69.7	mosaic
316820	TRiXi1	65.5	mosaic
316820	TRiXi2	72.7	mosaic
316820	TRiXi5	69.1	mosaic
316849	mean	53.6	mosaic
316849	TRiXi1	51.2	mosaic
316849	TRiXi3	53.1	mosaic
316849	TRiXi4	57	mosaic
316849	TRiXi5	53.1	mosaic
316856	mean	58.2	mosaic
316856	TRiXi1	58.4	mosaic
316856	TRiXi2	71.1	mosaic
316856	TRiXi3	50.5	mosaic
316856	TRiXi5	52.7	mosaic
316861	mean	56.3	mosaic
316861	TRiXi1	54.1	mosaic
316861	TRiXi3	58.5	mosaic
316879	mean	57.9	mosaic
316879	TRiXi1	61.1	mosaic
316879	TRiXi3	54.6	mosaic
316886	mean	67.7	mosaic
316886	TRiXi1	57.6	mosaic
316886	TRiXi3	67.2	mosaic
316886	TRiXi4	67	mosaic
316886	TRiXi5	79.1	mosaic
316903	mean	58	mosaic
316903	TRiXi1	54.4	mosaic
316903	TRiXi2	54.8	mosaic
316903	TRiXi4	66.6	mosaic
316903	TRiXi5	56.1	mosaic
316914	mean	63.7	mosaic
316914	TRiXi2	57	mosaic
316914	TRiXi4	65.7	mosaic
316960	mean	54.5	mosaic
316960	TRiXi1	53.8	mosaic
316960	TRiXi3	55.3	mosaic
316970	mean	54.4	mosaic
316970	TRiXi1	62.5	mosaic
316970	TRiXi2	56	mosaic
316970	TRiXi3	52.1	mosaic
316970	TRiXi4	50.5	mosaic
316970	TRiXi5	50.8	mosaic
316972	mean	57.1	mosaic
316972	TRiXi1	55	mosaic
316972	TRiXi3	54.2	mosaic
316972	TRiXi4	55.8	mosaic
316972	TRiXi5	63.3	mosaic
316977	mean	82.4	extremely skewed
316977	TRiXi1	82.9	extremely skewed
316977	TRiXi3	86.2	extremely skewed
316977	TRiXi4	79.9	extremely skewed
316977	TRiXi5	80.4	extremely skewed
316984	mean	58.9	mosaic
316984	TRiXi1	68	mosaic
316984	TRiXi2	50.4	mosaic
316984	TRiXi3	65.1	mosaic
316984	TRiXi5	52.3	mosaic
316987	mean	57.7	mosaic
316987	TRiXi1	52.7	mosaic
316987	TRiXi3	62.6	mosaic
316994	mean	57.9	mosaic
316994	TRiXi1	60.3	mosaic
316994	TRiXi2	52.9	mosaic
316994	TRiXi3	55.1	mosaic
316994	TRiXi5	60	mosaic
316997	mean	54.6	mosaic
316997	TRiXi1	50.7	mosaic
316997	TRiXi2	54.7	mosaic
316998	mean	69.5	skewed
316998	TRiXi2	77.4	skewed
316998	TRiXi5	69.3	skewed
317001	mean	59.5	mosaic
317001	TRiXi1	55.1	mosaic
317001	TRiXi2	51.6	mosaic
317001	TRiXi5	71.8	mosaic
317006	mean	93.8	extremely skewed
317006	TRiXi1	92.1	extremely skewed
317006	TRiXi3	95.5	extremely skewed
317008	mean	69.6	mosaic
317008	TRiXi1	56.6	mosaic
317008	TRiXi3	69	mosaic
317008	TRiXi5	76.9	mosaic
317017	mean	63.8	mosaic
317017	TRiXi1	66	mosaic
317017	TRiXi2	56.6	mosaic
317017	TRiXi3	62.6	mosaic
317017	TRiXi5	66.1	mosaic
317023	mean	60.7	mosaic
317023	TRiXi1	53.7	mosaic
317023	TRiXi2	65.9	mosaic
317023	TRiXi3	57.4	mosaic
317023	TRiXi5	64.5	mosaic
317027	mean	70.8	skewed
317027	TRiXi1	80.5	skewed
317027	TRiXi2	63.7	skewed
317027	TRiXi3	73.1	skewed
317027	TRiXi5	67.6	skewed
317031	mean	78.4	skewed
317031	TRiXi1	86.3	skewed
317031	TRiXi2	70.6	skewed
317043	mean	54.4	mosaic
317043	TRiXi1	57.4	mosaic
317043	TRiXi4	51.2	mosaic
317043	TRiXi5	54.6	mosaic
317048	mean	58.2	mosaic
317048	TRiXi2	61.9	mosaic
317048	TRiXi3	55.3	mosaic
317048	TRiXi5	63.2	mosaic
317055	mean	63.9	mosaic
317055	TRiXi2	51.4	mosaic
317055	TRiXi3	66.9	mosaic
317055	TRiXi5	73.3	mosaic
317064	mean	56.2	mosaic
317064	TRiXi1	65.7	mosaic
317064	TRiXi3	52.9	mosaic
317064	TRiXi4	51.9	mosaic
317064	TRiXi5	54.3	mosaic
317065	mean	65.3	mosaic
317065	TRiXi1	68.2	mosaic
317065	TRiXi2	63.2	mosaic
317065	TRiXi4	67.1	mosaic
317065	TRiXi5	63.2	mosaic
317067	mean	52.4	mosaic
317067	TRiXi1	54.2	mosaic
317067	TRiXi4	50.1	mosaic
317081	mean	59	mosaic
317081	TRiXi1	74.8	mosaic
317081	TRiXi2	53.9	mosaic
317081	TRiXi3	50.7	mosaic
317081	TRiXi5	56.8	mosaic
317112	mean	59.1	mosaic
317112	TRiXi1	75.5	mosaic
317112	TRiXi3	50.1	mosaic
317112	TRiXi5	51.8	mosaic
317121	mean	65	mosaic
317121	TRiXi2	61.9	mosaic
317121	TRiXi3	66.4	mosaic
317121	TRiXi4	70.3	mosaic
317121	TRiXi5	61.5	mosaic
317134	mean	57	mosaic
317134	TRiXi1	50.5	mosaic
317134	TRiXi3	58.1	mosaic
317134	TRiXi5	62.3	mosaic
317158	mean	81.4	extremely skewed
317158	TRiXi1	82	extremely skewed
317158	TRiXi3	80.9	extremely skewed
317159	mean	62.1	mosaic
317159	TRiXi3	62.1	mosaic
317168	mean	78.7	skewed
317168	TRiXi1	74.9	skewed
317168	TRiXi3	82.5	skewed
317189	mean	63.4	mosaic
317189	TRiXi1	66.6	mosaic
317189	TRiXi3	60.3	mosaic
317204	mean	54.1	mosaic
317204	TRiXi3	54.1	mosaic
317205	mean	57.8	mosaic
317205	TRiXi1	59.2	mosaic
317205	TRiXi3	52.7	mosaic
317205	TRiXi5	61.5	mosaic
317218	mean	61.6	mosaic
317218	TRiXi3	55.3	mosaic
317218	TRiXi5	64.5	mosaic
317233	mean	74.1	skewed
317233	TRiXi1	70.5	skewed
317233	TRiXi3	77.7	skewed
317234	mean	52.3	mosaic
317234	TRiXi1	50.8	mosaic
317234	TRiXi3	53.8	mosaic
317243	mean	61.5	mosaic
317243	TRiXi3	61.5	mosaic
317258	mean	57.1	mosaic
317258	TRiXi3	57.1	mosaic
317280	mean	54	mosaic
317280	TRiXi1	56.1	mosaic
317280	TRiXi2	55.8	mosaic
317280	TRiXi3	50	mosaic
317280	TRiXi4	53.9	mosaic
317281	mean	53.1	mosaic
317281	TRiXi1	53.8	mosaic
317281	TRiXi2	52	mosaic
317281	TRiXi3	53.9	mosaic
317281	TRiXi4	51.4	mosaic
317281	TRiXi5	54.2	mosaic
317292	mean	67.3	mosaic
317292	TRiXi1	72.2	mosaic
317292	TRiXi3	62.5	mosaic
317296	mean	56.3	mosaic
317296	TRiXi1	52.8	mosaic
317296	TRiXi2	51.3	mosaic
317296	TRiXi3	57.9	mosaic
317296	TRiXi5	63.2	mosaic
317315	mean	57.5	mosaic
317315	TRiXi2	52	mosaic
317315	TRiXi4	55	mosaic
317315	TRiXi5	65.5	mosaic
317317	mean	60.1	mosaic
317317	TRiXi1	50.2	mosaic
317317	TRiXi2	84.8	mosaic
317317	TRiXi3	51.5	mosaic
317317	TRiXi5	54	mosaic
317347	mean	67.1	mosaic
317347	TRiXi4	74.7	mosaic
317347	TRiXi5	59.5	mosaic
317361	mean	64.1	mosaic
317361	TRiXi3	64.1	mosaic
317366	mean	55.2	mosaic
317366	TRiXi1	58.7	mosaic
317366	TRiXi2	57.3	mosaic
317366	TRiXi3	54.6	mosaic
317366	TRiXi5	50.3	mosaic
317380	mean	61	mosaic
317380	TRiXi1	50.7	mosaic
317380	TRiXi2	61.2	mosaic
317380	TRiXi3	62.2	mosaic
317380	TRiXi5	69.9	mosaic
317386	mean	58.1	mosaic
317386	TRiXi2	64.4	mosaic
317386	TRiXi4	54.9	mosaic
317386	TRiXi5	54.9	mosaic
317398	mean	52.8	mosaic
317398	TRiXi2	55.5	mosaic
317398	TRiXi3	51.1	mosaic
317398	TRiXi5	51.9	mosaic
317402	mean	54.2	mosaic
317402	TRiXi3	54.4	mosaic
317402	TRiXi4	55.6	mosaic
317402	TRiXi5	52.6	mosaic
317409	mean	53.2	mosaic
317409	TRiXi3	50.1	mosaic
317409	TRiXi4	56.4	mosaic
317412	mean	55.9	mosaic
317412	TRiXi1	60.7	mosaic
317412	TRiXi2	51.8	mosaic
317412	TRiXi3	56.3	mosaic
317412	TRiXi4	56.6	mosaic
317412	TRiXi5	53.9	mosaic
317419	mean	58.3	mosaic
317419	TRiXi2	64.2	mosaic
317419	TRiXi3	56.3	mosaic
317419	TRiXi4	55.9	mosaic
317419	TRiXi5	56.9	mosaic
317427	mean	57.7	mosaic
317427	TRiXi1	53.6	mosaic
317427	TRiXi3	58.1	mosaic
317427	TRiXi4	58	mosaic
317427	TRiXi5	61.2	mosaic
317431	mean	60.8	mosaic
317431	TRiXi1	59.3	mosaic
317431	TRiXi3	62.2	mosaic
317438	mean	56.7	mosaic
317438	TRiXi1	59.2	mosaic
317438	TRiXi3	54.1	mosaic
317450	mean	66.8	mosaic
317450	TRiXi1	62.4	mosaic
317450	TRiXi3	65.7	mosaic
317450	TRiXi4	64.8	mosaic
317450	TRiXi5	74.3	mosaic
317457	mean	54	mosaic
317457	TRiXi1	52.4	mosaic
317457	TRiXi3	55.5	mosaic
317460	mean	68	mosaic
317460	TRiXi1	58.2	mosaic
317460	TRiXi2	78	mosaic
317460	TRiXi4	65.9	mosaic
317460	TRiXi5	70	mosaic
317464	mean	57.7	mosaic
317464	TRiXi3	57.7	mosaic
317490	mean	50.8	mosaic
317490	TRiXi3	50.8	mosaic
317491	mean	55.8	mosaic
317491	TRiXi1	59.8	mosaic
317491	TRiXi3	51.9	mosaic
317498	mean	62.8	mosaic
317498	TRiXi2	50.3	mosaic
317498	TRiXi3	67.8	mosaic
317498	TRiXi4	60.4	mosaic
317498	TRiXi5	72.6	mosaic
317501	mean	51.3	mosaic
317501	TRiXi1	50.4	mosaic
317501	TRiXi2	52.2	mosaic
317513	mean	71	mosaic
317513	TRiXi1	72.5	mosaic
317513	TRiXi3	69.4	mosaic
317526	mean	50.8	mosaic
317526	TRiXi3	50.8	mosaic
317543	mean	60.3	mosaic
317543	TRiXi3	60.3	mosaic
317551	mean	52.1	mosaic
317551	TRiXi3	52.1	mosaic
317568	mean	70.9	mosaic
317568	TRiXi1	78.6	mosaic
317568	TRiXi2	73.5	mosaic
317568	TRiXi3	75.1	mosaic
317568	TRiXi4	56.5	mosaic
317597	mean	75.1	skewed
317597	TRiXi1	72.4	skewed
317597	TRiXi3	77.8	skewed
317607	mean	59	mosaic
317607	TRiXi1	62.4	mosaic
317607	TRiXi3	55.5	mosaic
317624	mean	60.4	mosaic
317624	TRiXi1	54.1	mosaic
317624	TRiXi2	63.7	mosaic
317624	TRiXi3	61	mosaic
317624	TRiXi4	62.9	mosaic
317631	mean	85.1	extremely skewed
317631	TRiXi1	85.1	extremely skewed
317636	mean	55.1	mosaic
317636	TRiXi1	54.7	mosaic
317636	TRiXi3	55.5	mosaic
317661	mean	55.9	mosaic
317661	TRiXi1	57.2	mosaic
317661	TRiXi2	57.5	mosaic
317661	TRiXi3	55.2	mosaic
317661	TRiXi4	52.7	mosaic
317661	TRiXi5	56.7	mosaic
317669	mean	56.6	mosaic
317669	TRiXi1	63	mosaic
317669	TRiXi3	50.3	mosaic
317671	mean	76.9	skewed
317671	TRiXi1	79.8	skewed
317671	TRiXi2	87.3	skewed
317671	TRiXi4	67.9	skewed
317674	mean	61.3	mosaic
317674	TRiXi3	61.3	mosaic
317680	mean	62.5	mosaic
317680	TRiXi1	62.5	mosaic
317689	mean	70.9	mosaic
317689	TRiXi1	70.9	mosaic
317706	mean	56.5	mosaic
317706	TRiXi1	57.8	mosaic
317706	TRiXi2	55.1	mosaic
317710	mean	66.1	mosaic
317710	TRiXi1	68.8	mosaic
317710	TRiXi3	63.4	mosaic
317711	mean	63.3	mosaic
317711	TRiXi1	66.1	mosaic
317711	TRiXi3	64.8	mosaic
317711	TRiXi4	61.2	mosaic
317711	TRiXi5	61.2	mosaic
317722	mean	68.6	mosaic
317722	TRiXi1	65	mosaic
317722	TRiXi3	72.1	mosaic
317727	mean	76.6	skewed
317727	TRiXi1	76.6	skewed
317734	mean	70.3	mosaic
317734	TRiXi1	73.6	mosaic
317734	TRiXi2	72.5	mosaic
317734	TRiXi3	64.8	mosaic
317734	TRiXi4	69.9	mosaic
317734	TRiXi5	70.9	mosaic
317740	mean	57.2	mosaic
317740	TRiXi1	50.3	mosaic
317740	TRiXi2	63.2	mosaic
317740	TRiXi3	56.8	mosaic
317740	TRiXi4	63.5	mosaic
317740	TRiXi5	52	mosaic
317766	mean	54.5	mosaic
317766	TRiXi1	51	mosaic
317766	TRiXi2	60.4	mosaic
317766	TRiXi3	53.7	mosaic
317766	TRiXi4	53.4	mosaic
317766	TRiXi5	53.8	mosaic
317767	mean	58.5	mosaic
317767	TRiXi1	65.1	mosaic
317767	TRiXi3	51.9	mosaic
317779	mean	80.3	extremely skewed
317779	TRiXi1	77.5	extremely skewed
317779	TRiXi3	83.1	extremely skewed
317793	mean	60.5	mosaic
317793	TRiXi1	60	mosaic
317793	TRiXi2	77.1	mosaic
317793	TRiXi3	51.5	mosaic
317793	TRiXi5	53.6	mosaic
317803	mean	56.4	mosaic
317803	TRiXi1	55.5	mosaic
317803	TRiXi3	56.7	mosaic
317803	TRiXi4	58.2	mosaic
317803	TRiXi5	55.3	mosaic
317824	mean	67.7	mosaic
317824	TRiXi1	74.2	mosaic
317824	TRiXi3	61.2	mosaic
317838	mean	60	mosaic
317838	TRiXi1	51.7	mosaic
317838	TRiXi2	76.9	mosaic
317838	TRiXi3	51.4	mosaic
317848	mean	64.8	mosaic
317848	TRiXi1	67	mosaic
317848	TRiXi3	62.5	mosaic
317852	mean	62.3	mosaic
317852	TRiXi1	62.3	mosaic
317855	mean	57	mosaic
317855	TRiXi1	57.1	mosaic
317855	TRiXi2	56.9	mosaic
317855	TRiXi3	54.6	mosaic
317855	TRiXi5	59.6	mosaic
317904	mean	59.1	mosaic
317904	TRiXi1	62.4	mosaic
317904	TRiXi2	64	mosaic
317904	TRiXi3	60.2	mosaic
317904	TRiXi4	52.7	mosaic
317904	TRiXi5	56.1	mosaic
317910	mean	59	mosaic
317910	TRiXi2	68.1	mosaic
317910	TRiXi4	54.8	mosaic
317913	mean	57.4	mosaic
317913	TRiXi1	51.3	mosaic
317913	TRiXi2	69.1	mosaic
317913	TRiXi5	51.9	mosaic
317917	mean	60.5	mosaic
317917	TRiXi1	52.8	mosaic
317917	TRiXi2	71.2	mosaic
317917	TRiXi3	56.5	mosaic
317917	TRiXi4	63.2	mosaic
317917	TRiXi5	58.7	mosaic
317921	mean	58	mosaic
317921	TRiXi3	58	mosaic
317935	mean	58	mosaic
317935	TRiXi1	50.7	mosaic
317935	TRiXi2	52.9	mosaic
317935	TRiXi3	53.9	mosaic
317935	TRiXi4	69.4	mosaic
317935	TRiXi5	63.3	mosaic
317958	mean	61.7	mosaic
317958	TRiXi1	65.3	mosaic
317958	TRiXi3	58.1	mosaic
317959	mean	55	mosaic
317959	TRiXi1	56.1	mosaic
317959	TRiXi3	52.7	mosaic
317959	TRiXi4	52.9	mosaic
317959	TRiXi5	58.1	mosaic
317974	mean	53.6	mosaic
317974	TRiXi1	53.6	mosaic
318005	mean	51.8	mosaic
318005	TRiXi1	52.7	mosaic
318005	TRiXi3	50.9	mosaic
318021	mean	66	mosaic
318021	TRiXi1	77.5	mosaic
318021	TRiXi2	56.9	mosaic
318021	TRiXi3	63.5	mosaic
318025	mean	75	skewed
318025	TRiXi1	67.8	skewed
318025	TRiXi4	76.9	skewed
318025	TRiXi5	80.2	skewed
318029	mean	53.9	mosaic
318029	TRiXi1	53.4	mosaic
318029	TRiXi3	54.4	mosaic
318030	mean	65.8	mosaic
318030	TRiXi3	61	mosaic
318030	TRiXi4	72.6	mosaic
318030	TRiXi5	67.8	mosaic
318034	mean	83.1	extremely skewed
318034	TRiXi1	79.3	extremely skewed
318034	TRiXi3	80.1	extremely skewed
318034	TRiXi4	83.7	extremely skewed
318034	TRiXi5	89.4	extremely skewed
318035	mean	61.1	mosaic
318035	TRiXi1	58.8	mosaic
318035	TRiXi2	60.1	mosaic
318035	TRiXi3	60.1	mosaic
318035	TRiXi4	60.9	mosaic
318035	TRiXi5	65.6	mosaic
318050	mean	65.6	mosaic
318050	TRiXi1	73	mosaic
318050	TRiXi2	56.4	mosaic
318050	TRiXi3	54.1	mosaic
318050	TRiXi4	79.5	mosaic
318050	TRiXi5	65.2	mosaic
318058	mean	60.2	mosaic
318058	TRiXi1	59.2	mosaic
318058	TRiXi3	61.1	mosaic
318075	mean	57.7	mosaic
318075	TRiXi1	63.8	mosaic
318075	TRiXi2	53.9	mosaic
318075	TRiXi3	54.1	mosaic
318075	TRiXi4	56.9	mosaic
318075	TRiXi5	59.9	mosaic
318085	mean	56.9	mosaic
318085	TRiXi1	52.2	mosaic
318085	TRiXi3	61.5	mosaic
318088	mean	63.1	mosaic
318088	TRiXi1	64.4	mosaic
318088	TRiXi2	56.1	mosaic
318088	TRiXi4	68.7	mosaic
318095	mean	76.3	skewed
318095	TRiXi1	73.6	skewed
318095	TRiXi2	77.2	skewed
318095	TRiXi5	83.2	skewed
318113	mean	61.5	mosaic
318113	TRiXi2	65.8	mosaic
318113	TRiXi3	63.9	mosaic
318113	TRiXi4	54.7	mosaic
318120	mean	64	mosaic
318120	TRiXi1	64.9	mosaic
318120	TRiXi3	63	mosaic
318126	mean	60.8	mosaic
318126	TRiXi1	59	mosaic
318126	TRiXi2	57.1	mosaic
318126	TRiXi3	63.3	mosaic
318126	TRiXi5	63.9	mosaic
318136	mean	70.7	mosaic
318136	TRiXi1	63.1	mosaic
318136	TRiXi2	80.1	mosaic
318136	TRiXi3	64.8	mosaic
318136	TRiXi4	74.8	mosaic
318136	TRiXi5	70.5	mosaic
318150	mean	71.8	skewed
318150	TRiXi1	69	skewed
318150	TRiXi2	79.9	skewed
318150	TRiXi3	66.6	skewed
318160	mean	58.1	mosaic
318160	TRiXi1	58.8	mosaic
318160	TRiXi3	57.5	mosaic
318165	mean	73.2	skewed
318165	TRiXi1	58.6	skewed
318165	TRiXi3	79.6	skewed
318165	TRiXi5	81.5	skewed
318176	mean	61.7	mosaic
318176	TRiXi1	65.4	mosaic
318176	TRiXi2	59.1	mosaic
318176	TRiXi3	60.7	mosaic
318176	TRiXi5	61.4	mosaic
318198	mean	53.5	mosaic
318198	TRiXi1	53.2	mosaic
318198	TRiXi3	53.8	mosaic
318205	mean	70.5	mosaic
318205	TRiXi1	60.5	mosaic
318205	TRiXi3	71.5	mosaic
318205	TRiXi5	79.4	mosaic
318244	mean	77.4	skewed
318244	TRiXi1	79.4	skewed
318244	TRiXi3	76.6	skewed
318244	TRiXi4	74.1	skewed
318244	TRiXi5	79.5	skewed
318250	mean	72.6	skewed
318250	TRiXi1	76.4	skewed
318250	TRiXi2	75.8	skewed
318250	TRiXi4	66.4	skewed
318252	mean	57.4	mosaic
318252	TRiXi1	57.4	mosaic
318257	mean	52	mosaic
318257	TRiXi1	52.6	mosaic
318257	TRiXi3	51.5	mosaic
318271	mean	58.8	mosaic
318271	TRiXi1	60.7	mosaic
318271	TRiXi3	58.7	mosaic
318271	TRiXi4	57	mosaic
318288	mean	61.9	mosaic
318288	TRiXi1	65.4	mosaic
318288	TRiXi2	72.8	mosaic
318288	TRiXi3	59.1	mosaic
318288	TRiXi4	51	mosaic
318288	TRiXi5	61.3	mosaic
318290	mean	58	mosaic
318290	TRiXi1	60.5	mosaic
318291	mean	54	mosaic
318291	TRiXi1	56.1	mosaic
318291	TRiXi2	55.7	mosaic
318291	TRiXi3	50.6	mosaic
318291	TRiXi5	53.6	mosaic
318292	mean	53.9	mosaic
318292	TRiXi1	55.9	mosaic
318292	TRiXi2	55.9	mosaic
318292	TRiXi3	52.8	mosaic
318292	TRiXi5	51.1	mosaic
318293	mean	59.3	mosaic
318293	TRiXi1	59.3	mosaic
318322	mean	66.3	mosaic
318322	TRiXi2	93.6	mosaic
318322	TRiXi3	62.6	mosaic
318322	TRiXi4	52.6	mosaic
318322	TRiXi5	56.6	mosaic
318326	mean	65.1	mosaic
318326	TRiXi1	57.8	mosaic
318326	TRiXi2	58.4	mosaic
318326	TRiXi3	68.4	mosaic
318326	TRiXi5	74.2	mosaic
318328	mean	66.6	mosaic
318328	TRiXi1	72.4	mosaic
318328	TRiXi2	62.3	mosaic
318328	TRiXi3	63.9	mosaic
318328	TRiXi5	67.6	mosaic
318329	mean	70.1	mosaic
318329	TRiXi1	75.1	mosaic
318329	TRiXi3	67.6	mosaic
318329	TRiXi4	67.7	mosaic
318333	mean	54.5	mosaic
318333	TRiXi1	58.8	mosaic
318333	TRiXi3	50.1	mosaic
318344	mean	65.6	mosaic
318344	TRiXi1	65.4	mosaic
318344	TRiXi3	69.8	mosaic
318344	TRiXi4	61.6	mosaic
318351	mean	57.2	mosaic
318351	TRiXi2	63.5	mosaic
318351	TRiXi3	53.4	mosaic
318374	mean	53.4	mosaic
318374	TRiXi2	53.1	mosaic
318374	TRiXi3	51.1	mosaic
318374	TRiXi5	57.6	mosaic
318417	mean	63.7	mosaic
318417	TRiXi1	66.9	mosaic
318417	TRiXi3	60.4	mosaic
318422	mean	70.4	mosaic
318422	TRiXi2	73.6	mosaic
318422	TRiXi3	67.1	mosaic
318422	TRiXi4	69	mosaic
318422	TRiXi5	71.8	mosaic
318433	mean	58.6	mosaic
318433	TRiXi1	53.2	mosaic
318433	TRiXi3	54.1	mosaic
318433	TRiXi4	70.7	mosaic
318433	TRiXi5	56.5	mosaic
318450	mean	50.4	mosaic
318450	TRiXi1	50.4	mosaic
318458	mean	54.3	mosaic
318458	TRiXi1	52.9	mosaic
318458	TRiXi2	53.1	mosaic
318458	TRiXi4	53.4	mosaic
318458	TRiXi5	57.7	mosaic
318466	mean	77.3	skewed
318466	TRiXi1	76.6	skewed
318466	TRiXi3	78	skewed
318470	mean	63.8	mosaic
318470	TRiXi3	63.8	mosaic
318485	mean	66.1	mosaic
318485	TRiXi3	61	mosaic
318485	TRiXi5	71.2	mosaic
318489	mean	54.3	mosaic
318489	TRiXi1	59.3	mosaic
318489	TRiXi4	53	mosaic
318489	TRiXi5	50.5	mosaic
318497	mean	55.5	mosaic
318497	TRiXi1	58.9	mosaic
318497	TRiXi3	52.2	mosaic
318520	mean	54	mosaic
318520	TRiXi1	56.3	mosaic
318520	TRiXi3	51.6	mosaic
318523	mean	59.9	mosaic
318523	TRiXi2	63.7	mosaic
318523	TRiXi3	50.5	mosaic
318523	TRiXi5	65.4	mosaic
318531	mean	82	extremely skewed
318531	TRiXi3	78.9	extremely skewed
318531	TRiXi4	77.1	extremely skewed
318531	TRiXi5	89.9	extremely skewed
318573	mean	60.2	mosaic
318573	TRiXi1	60.2	mosaic
318580	mean	63.6	mosaic
318580	TRiXi3	63.6	mosaic
318581	mean	63.5	mosaic
318581	TRiXi1	71.3	mosaic
318581	TRiXi2	56.8	mosaic
318581	TRiXi3	57.5	mosaic
318581	TRiXi5	68.3	mosaic
318600	mean	72.7	skewed
318600	TRiXi1	72.7	skewed
318609	mean	80.3	extremely skewed
318609	TRiXi1	80.2	extremely skewed
318609	TRiXi3	80.5	extremely skewed
318625	mean	56.2	mosaic
318625	TRiXi1	57.6	mosaic
318625	TRiXi2	50.5	mosaic
318625	TRiXi3	52.2	mosaic
318625	TRiXi4	64.2	mosaic
318625	TRiXi5	56.3	mosaic
318641	mean	55.3	mosaic
318641	TRiXi1	56.5	mosaic
318641	TRiXi3	56.5	mosaic
318641	TRiXi4	52.9	mosaic
318642	mean	53.5	mosaic
318642	TRiXi1	60.5	mosaic
318642	TRiXi2	52.2	mosaic
318642	TRiXi3	50	mosaic
318642	TRiXi4	52.7	mosaic
318642	TRiXi5	52.2	mosaic
318643	mean	65.2	mosaic
318643	TRiXi2	58.9	mosaic
318643	TRiXi3	65.5	mosaic
318643	TRiXi4	61.6	mosaic
318643	TRiXi5	74.7	mosaic
318662	mean	56.3	mosaic
318662	TRiXi1	56.4	mosaic
318662	TRiXi2	67.8	mosaic
318662	TRiXi3	50.9	mosaic
318662	TRiXi4	50.3	mosaic
318680	mean	78	skewed
318680	TRiXi1	70.9	skewed
318680	TRiXi3	77.8	skewed
318680	TRiXi5	85.4	skewed
318689	mean	64.7	mosaic
318689	TRiXi1	59.4	mosaic
318689	TRiXi3	70	mosaic
318726	mean	68.5	mosaic
318726	TRiXi3	68.5	mosaic
318730	mean	61.5	mosaic
318730	TRiXi1	64.7	mosaic
318730	TRiXi2	55.6	mosaic
318736	mean	58	mosaic
318736	TRiXi1	57.3	mosaic
318736	TRiXi3	58.6	mosaic
318745	mean	83.7	extremely skewed
318745	TRiXi1	83.7	extremely skewed
318761	mean	58.9	mosaic
318761	TRiXi1	57.2	mosaic
318761	TRiXi2	51.7	mosaic
318761	TRiXi3	56.8	mosaic
318761	TRiXi4	70.6	mosaic
318761	TRiXi5	58	mosaic
318765	mean	72.2	skewed
318765	TRiXi1	75.7	skewed
318765	TRiXi2	63.4	skewed
318765	TRiXi3	71.2	skewed
318765	TRiXi4	72.6	skewed
318765	TRiXi5	77.9	skewed
318766	mean	54.4	mosaic
318766	TRiXi1	50.3	mosaic
318766	TRiXi2	63.7	mosaic
318766	TRiXi3	52.1	mosaic
318766	TRiXi4	55.6	mosaic
318766	TRiXi5	50.2	mosaic
318793	mean	58.8	mosaic
318793	TRiXi1	58.2	mosaic
318793	TRiXi3	59.3	mosaic
318799	mean	53.1	mosaic
318799	TRiXi1	51.2	mosaic
318799	TRiXi2	55.2	mosaic
318799	TRiXi3	57.6	mosaic
318799	TRiXi4	51.3	mosaic
318799	TRiXi5	50.2	mosaic
318810	mean	60.9	mosaic
318810	TRiXi2	63	mosaic
318810	TRiXi4	57	mosaic
318810	TRiXi5	58.7	mosaic
318812	mean	61.4	mosaic
318812	TRiXi1	56.3	mosaic
318812	TRiXi3	66.4	mosaic
318825	mean	51.8	mosaic
318825	TRiXi1	55.5	mosaic
318825	TRiXi2	50	mosaic
318825	TRiXi3	50	mosaic
318852	mean	64.5	mosaic
318852	TRiXi1	61.4	mosaic
318852	TRiXi2	63.7	mosaic
318863	mean	61.7	mosaic
318863	TRiXi2	62.4	mosaic
318863	TRiXi4	67.6	mosaic
318863	TRiXi5	55.1	mosaic
318889	mean	62.5	mosaic
318889	TRiXi3	62.5	mosaic
319000	mean	51.1	mosaic
319000	TRiXi3	51.1	mosaic
319015	mean	58.8	mosaic
319015	TRiXi1	58.8	mosaic
319016	mean	57	mosaic
319016	TRiXi1	52.9	mosaic
319016	TRiXi3	61.1	mosaic
319023	mean	57.9	mosaic
319023	TRiXi3	59.2	mosaic
319023	TRiXi4	58.3	mosaic
319023	TRiXi5	62.5	mosaic
319037	mean	54.7	mosaic
319037	TRiXi1	55.4	mosaic
319037	TRiXi2	56.1	mosaic
319037	TRiXi3	53.6	mosaic
319037	TRiXi4	53.6	mosaic
319042	mean	58.9	mosaic
319042	TRiXi1	57.2	mosaic
319042	TRiXi2	60	mosaic
319042	TRiXi4	58.3	mosaic
319042	TRiXi5	60.2	mosaic
319056	mean	60.4	mosaic
319056	TRiXi2	60.6	mosaic
319056	TRiXi3	61.3	mosaic
319056	TRiXi5	59.2	mosaic
319064	mean	73.1	skewed
319064	TRiXi1	74.2	skewed
319064	TRiXi3	72	skewed
319080	mean	51.2	mosaic
319080	TRiXi1	51.2	mosaic
319082	mean	56.8	mosaic
319082	TRiXi1	60.4	mosaic
319082	TRiXi2	58.9	mosaic
319082	TRiXi4	51.1	mosaic
319096	mean	55.2	mosaic
319096	TRiXi2	54.9	mosaic
319096	TRiXi4	53.2	mosaic
319096	TRiXi5	57.4	mosaic
319141	mean	75.6	skewed
319141	TRiXi1	74.1	skewed
319141	TRiXi5	84.4	skewed
319153	mean	63.1	mosaic
319153	TRiXi2	62.9	mosaic
319153	TRiXi3	60.7	mosaic
319153	TRiXi4	57.1	mosaic
319153	TRiXi5	71.6	mosaic
319155	mean	74.8	skewed
319155	TRiXi3	71.3	skewed
319155	TRiXi5	78.3	skewed
319165	mean	57.2	mosaic
319165	TRiXi1	61.9	mosaic
319165	TRiXi3	51.1	mosaic
319165	TRiXi4	52.9	mosaic
319165	TRiXi5	62.8	mosaic
319170	mean	73.8	skewed
319170	TRiXi1	72.5	skewed
319170	TRiXi4	65.4	skewed
319170	TRiXi5	83.4	skewed
319187	mean	61.7	mosaic
319187	TRiXi1	60.6	mosaic
319187	TRiXi3	62.7	mosaic
319189	mean	54.3	mosaic
319189	TRiXi1	54.4	mosaic
319189	TRiXi3	54.2	mosaic
319197	mean	65	mosaic
319197	TRiXi3	65	mosaic
319231	mean	55.5	mosaic
319231	TRiXi2	53.7	mosaic
319231	TRiXi3	57.5	mosaic
319231	TRiXi5	58.4	mosaic
319235	mean	52.4	mosaic
319235	TRiXi1	52.4	mosaic
319250	mean	78	skewed
319250	TRiXi1	78	skewed
319276	mean	50.7	mosaic
319276	TRiXi3	50.7	mosaic
319289	mean	56.8	mosaic
319289	TRiXi1	54.9	mosaic
319289	TRiXi3	58.7	mosaic
319321	mean	63	mosaic
319321	TRiXi1	58.4	mosaic
319321	TRiXi4	64.3	mosaic
319321	TRiXi5	66.3	mosaic
319325	mean	56.4	mosaic
319325	TRiXi2	57.1	mosaic
319325	TRiXi3	59.8	mosaic
319325	TRiXi5	52.4	mosaic
319329	mean	73	skewed
319329	TRiXi1	73	skewed
319329	TRiXi2	71.2	skewed
319329	TRiXi3	73.9	skewed
319334	mean	53.5	mosaic
319334	TRiXi1	51	mosaic
319334	TRiXi3	53.8	mosaic
319334	TRiXi4	57.1	mosaic
319334	TRiXi5	51.9	mosaic
319345	mean	81.4	extremely skewed
319345	TRiXi1	74.4	extremely skewed
319345	TRiXi3	79.9	extremely skewed
319345	TRiXi5	89.9	extremely skewed
319356	mean	58.5	mosaic
319356	TRiXi1	65.2	mosaic
319356	TRiXi2	57.1	mosaic
319356	TRiXi3	60	mosaic
319356	TRiXi4	51.7	mosaic
319361	mean	59.8	mosaic
319361	TRiXi1	59.9	mosaic
319361	TRiXi2	52.7	mosaic
319361	TRiXi3	60.7	mosaic
319361	TRiXi4	65.8	mosaic
319367	mean	53.5	mosaic
319367	TRiXi1	52.5	mosaic
319367	TRiXi2	56.6	mosaic
319367	TRiXi3	54.7	mosaic
319367	TRiXi5	50.3	mosaic
319408	mean	63.9	mosaic
319408	TRiXi1	60.5	mosaic
319408	TRiXi2	72.8	mosaic
319408	TRiXi3	63.4	mosaic
319408	TRiXi4	57.4	mosaic
319408	TRiXi5	65.2	mosaic
319433	mean	69.9	mosaic
319433	TRiXi1	69	mosaic
319433	TRiXi2	81.6	mosaic
319433	TRiXi4	56.5	mosaic
319433	TRiXi5	72.5	mosaic
319459	mean	71.1	skewed
319459	TRiXi1	72.8	skewed
319459	TRiXi2	70.9	skewed
319459	TRiXi3	68.8	skewed
319459	TRiXi4	71.9	skewed
319460	mean	62.1	mosaic
319460	TRiXi3	62.1	mosaic
319470	mean	62	mosaic
319470	TRiXi1	63.2	mosaic
319470	TRiXi3	63.1	mosaic
319470	TRiXi4	59.8	mosaic
319471	mean	54.5	mosaic
319471	TRiXi1	61.5	mosaic
319471	TRiXi3	53.5	mosaic
319471	TRiXi4	50.4	mosaic
319471	TRiXi5	52.6	mosaic
319489	mean	64.3	mosaic
319489	TRiXi2	53.1	mosaic
319489	TRiXi3	65	mosaic
319489	TRiXi5	74.7	mosaic
319512	mean	70.6	mosaic
319512	TRiXi1	68.6	mosaic
319512	TRiXi3	72.6	mosaic
319525	mean	64.5	mosaic
319525	TRiXi1	70.1	mosaic
319525	TRiXi2	76.5	mosaic
319525	TRiXi3	59.7	mosaic
319525	TRiXi4	59.3	mosaic
319525	TRiXi5	57.1	mosaic
319532	mean	55.5	mosaic
319532	TRiXi3	51.6	mosaic
319532	TRiXi4	54.7	mosaic
319532	TRiXi5	61.2	mosaic
319569	mean	55.2	mosaic
319569	TRiXi1	53.1	mosaic
319569	TRiXi2	54.3	mosaic
319569	TRiXi3	55.7	mosaic
319569	TRiXi4	57.9	mosaic
319569	TRiXi5	55.1	mosaic
319579	mean	63.5	mosaic
319579	TRiXi1	65.7	mosaic
319579	TRiXi3	61.3	mosaic
319592	mean	72.1	skewed
319592	TRiXi1	72	skewed
319592	TRiXi3	72.2	skewed
319607	mean	64.1	mosaic
319607	TRiXi3	67.4	mosaic
319638	mean	69	mosaic
319638	TRiXi3	69	mosaic
319678	mean	66.5	mosaic
319678	TRiXi2	77.9	mosaic
319678	TRiXi3	55.1	mosaic
319681	mean	63.5	mosaic
319681	TRiXi1	56.2	mosaic
319681	TRiXi2	67.9	mosaic
319681	TRiXi3	60.9	mosaic
319681	TRiXi4	68.8	mosaic
319689	mean	55.1	mosaic
319689	TRiXi1	53.7	mosaic
319689	TRiXi2	57.8	mosaic
319689	TRiXi3	56.7	mosaic
319689	TRiXi5	52.4	mosaic
319691	mean	60	mosaic
319691	TRiXi1	56.8	mosaic
319691	TRiXi3	63.3	mosaic
319707	mean	65.8	mosaic
319707	TRiXi1	70	mosaic
319707	TRiXi3	67	mosaic
319707	TRiXi4	60.4	mosaic
319710	mean	61.1	mosaic
319710	TRiXi1	56.7	mosaic
319710	TRiXi3	57.6	mosaic
319710	TRiXi4	64	mosaic
319710	TRiXi5	66.1	mosaic
319711	mean	54.5	mosaic
319711	TRiXi1	54.5	mosaic
319715	mean	58.5	mosaic
319715	TRiXi3	58.5	mosaic
319726	mean	79	skewed
319726	TRiXi1	80.2	skewed
319726	TRiXi3	77.7	skewed
319748	mean	61.1	mosaic
319748	TRiXi1	61.4	mosaic
319748	TRiXi2	62.6	mosaic
319748	TRiXi3	61.9	mosaic
319748	TRiXi5	58.5	mosaic
319806	mean	62	mosaic
319806	TRiXi1	60.5	mosaic
319806	TRiXi3	63.5	mosaic
319808	mean	68.9	mosaic
319808	TRiXi3	68.9	mosaic
319814	mean	59.1	mosaic
319814	TRiXi1	51.5	mosaic
319814	TRiXi2	73.9	mosaic
319814	TRiXi3	59.1	mosaic
319814	TRiXi5	51.9	mosaic
319820	mean	70.8	mosaic
319820	TRiXi2	81.5	mosaic
319820	TRiXi3	69.1	mosaic
319820	TRiXi4	69.4	mosaic
319820	TRiXi5	63.4	mosaic
319822	mean	56.2	mosaic
319822	TRiXi1	61.3	mosaic
319822	TRiXi3	57.1	mosaic
319822	TRiXi5	50.2	mosaic
319824	mean	67.7	mosaic
319824	TRiXi1	76	mosaic
319824	TRiXi2	62.4	mosaic
319824	TRiXi3	71.2	mosaic
319824	TRiXi4	69.7	mosaic
319824	TRiXi5	59.4	mosaic
319827	mean	60.3	mosaic
319827	TRiXi3	60.3	mosaic
319830	mean	68.7	mosaic
319830	TRiXi3	70.1	mosaic
319875	mean	56.2	mosaic
319875	TRiXi1	52.5	mosaic
319875	TRiXi2	54.8	mosaic
319875	TRiXi3	61.4	mosaic
319890	mean	82.9	extremely skewed
319890	TRiXi1	85.8	extremely skewed
319890	TRiXi3	80.1	extremely skewed
320229	mean	80.5	extremely skewed
320229	TRiXi3	83.3	extremely skewed
320229	TRiXi4	78.6	extremely skewed
320229	TRiXi5	77.4	extremely skewed
320233	mean	67.4	mosaic
320233	TRiXi1	72.3	mosaic
320233	TRiXi4	64.4	mosaic
320233	TRiXi5	62.3	mosaic
320234	mean	56.6	mosaic
320234	TRiXi1	58	mosaic
320234	TRiXi3	55.3	mosaic
320248	mean	91.3	extremely skewed
320248	TRiXi1	91.7	extremely skewed
320248	TRiXi2	89.6	extremely skewed
320248	TRiXi3	92.7	extremely skewed
320254	mean	62.1	mosaic
320254	TRiXi3	65.4	mosaic
320254	TRiXi5	58.8	mosaic
320255	mean	67.7	mosaic
320255	TRiXi1	63.3	mosaic
320255	TRiXi2	82.4	mosaic
320255	TRiXi3	68.1	mosaic
320255	TRiXi4	66.4	mosaic
320255	TRiXi5	58.2	mosaic
320256	mean	61.9	mosaic
320256	TRiXi1	51	mosaic
320256	TRiXi2	65.7	mosaic
320256	TRiXi3	60.1	mosaic
320256	TRiXi4	50.3	mosaic
320256	TRiXi5	82.5	mosaic
320277	mean	64.3	mosaic
320277	TRiXi1	63.9	mosaic
320277	TRiXi3	61	mosaic
320277	TRiXi5	68.1	mosaic
320280	mean	97	extremely skewed
320280	TRiXi1	94.8	extremely skewed
320280	TRiXi2	97.8	extremely skewed
320280	TRiXi3	99.3	extremely skewed
320280	TRiXi4	93.3	extremely skewed
320280	TRiXi5	99.6	extremely skewed
320290	mean	76.4	skewed
320290	TRiXi1	76.4	skewed
320345	mean	68.6	mosaic
320345	TRiXi1	69.5	mosaic
320345	TRiXi3	64.4	mosaic
320345	TRiXi4	72	mosaic
320357	mean	53.5	mosaic
320357	TRiXi1	53.5	mosaic
320357	TRiXi2	53.6	mosaic
320357	TRiXi3	50.7	mosaic
320357	TRiXi4	51.1	mosaic
320357	TRiXi5	58.5	mosaic
320362	mean	77.7	skewed
320362	TRiXi1	82.5	skewed
320362	TRiXi4	71	skewed
320362	TRiXi5	79.6	skewed
320376	mean	66.1	mosaic
320376	TRiXi2	68.2	mosaic
320376	TRiXi3	64	mosaic
320420	mean	60.3	mosaic
320420	TRiXi1	55.4	mosaic
320420	TRiXi3	64.1	mosaic
320420	TRiXi4	52.8	mosaic
320420	TRiXi5	69.1	mosaic
320433	mean	62.8	mosaic
320433	TRiXi1	61	mosaic
320433	TRiXi3	64.6	mosaic
320468	mean	59.5	mosaic
320468	TRiXi1	67.8	mosaic
320468	TRiXi2	50.3	mosaic
320468	TRiXi3	62.4	mosaic
320468	TRiXi4	53	mosaic
320468	TRiXi5	63.9	mosaic
320486	mean	59.3	mosaic
320486	TRiXi1	55.8	mosaic
320486	TRiXi3	62.9	mosaic
320511	mean	63.8	mosaic
320511	TRiXi2	55.5	mosaic
320511	TRiXi3	70.9	mosaic
320511	TRiXi4	65	mosaic
320525	mean	62.1	mosaic
320525	TRiXi1	67	mosaic
320525	TRiXi3	63.6	mosaic
320525	TRiXi4	52.7	mosaic
320525	TRiXi5	64.9	mosaic
320547	mean	65.4	mosaic
320547	TRiXi1	68.6	mosaic
320547	TRiXi3	62.3	mosaic
320560	mean	66.7	mosaic
320560	TRiXi2	73.1	mosaic
320560	TRiXi3	64.7	mosaic
320560	TRiXi4	62.3	mosaic
320564	mean	67.9	mosaic
320564	TRiXi1	75.4	mosaic
320564	TRiXi2	72.4	mosaic
320564	TRiXi3	67.4	mosaic
320564	TRiXi4	62.2	mosaic
320564	TRiXi5	62.2	mosaic
320566	mean	52.5	mosaic
320566	TRiXi1	51.1	mosaic
320566	TRiXi3	51.3	mosaic
320566	TRiXi4	55.8	mosaic
320566	TRiXi5	51.8	mosaic
320570	mean	64.2	mosaic
320570	TRiXi1	60.7	mosaic
320570	TRiXi2	67.6	mosaic
320574	mean	93.8	extremely skewed
320574	TRiXi1	84.5	extremely skewed
320574	TRiXi3	98.4	extremely skewed
320574	TRiXi4	98.4	extremely skewed
320601	mean	52.3	mosaic
320601	TRiXi1	50.3	mosaic
320601	TRiXi2	53.7	mosaic
320601	TRiXi3	51.1	mosaic
320601	TRiXi4	52.4	mosaic
320601	TRiXi5	54.2	mosaic
320607	mean	58.2	mosaic
320607	TRiXi1	55.7	mosaic
320607	TRiXi2	58.7	mosaic
320607	TRiXi3	57.1	mosaic
320607	TRiXi4	50.4	mosaic
320607	TRiXi5	69.2	mosaic
320615	mean	68.4333333333333	mosaic
320615	TRiXi2	76.3	mosaic
320615	TRiXi3	66.9	mosaic
320615	TRiXi4	62.1	mosaic
320658	mean	70.8	mosaic
320658	TRiXi1	70.1	mosaic
320658	TRiXi2	71.5	mosaic
320668	mean	69.9	mosaic
320668	TRiXi1	68.5	mosaic
320668	TRiXi3	67.6	mosaic
320668	TRiXi4	66.5	mosaic
320668	TRiXi5	77.1	mosaic
320678	mean	64.5	mosaic
320678	TRiXi2	62.7	mosaic
320678	TRiXi3	63.2	mosaic
320678	TRiXi5	67.6	mosaic
320822	mean	69	mosaic
320822	TRiXi1	62.7	mosaic
320822	TRiXi2	66	mosaic
320822	TRiXi3	71.3	mosaic
320822	TRiXi5	76.2	mosaic
320832	mean	67	mosaic
320832	TRiXi1	70.3	mosaic
320832	TRiXi3	63.6	mosaic
320835	mean	58.2	mosaic
320835	TRiXi1	54.4	mosaic
320835	TRiXi2	61.7	mosaic
320835	TRiXi3	52.5	mosaic
320835	TRiXi4	58.7	mosaic
320835	TRiXi5	63.6	mosaic
320841	mean	53.9	mosaic
320841	TRiXi3	53.9	mosaic
320843	mean	62.9	mosaic
320843	TRiXi1	67	mosaic
320843	TRiXi2	54.9	mosaic
320843	TRiXi5	66.9	mosaic
320862	mean	56.7	mosaic
320862	TRiXi3	61.5	mosaic
320862	TRiXi4	52.8	mosaic
320862	TRiXi5	55.8	mosaic
320864	mean	78.3	skewed
320864	TRiXi1	64.1	skewed
320864	TRiXi2	89.2	skewed
320864	TRiXi3	75.8	skewed
320864	TRiXi5	84.1	skewed
320888	mean	71.8	skewed
320888	TRiXi1	82.3	skewed
320888	TRiXi2	54.7	skewed
320888	TRiXi3	71.7	skewed
320888	TRiXi5	78.3	skewed
320891	mean	63.9	mosaic
320891	TRiXi1	66.7	mosaic
320891	TRiXi3	61	mosaic
320896	mean	59.5	mosaic
320896	TRiXi1	65.1	mosaic
320896	TRiXi3	53.9	mosaic
320901	mean	57.8	mosaic
320901	TRiXi1	57.1	mosaic
320901	TRiXi3	54.6	mosaic
320901	TRiXi4	55.6	mosaic
320901	TRiXi5	63.7	mosaic
320902	mean	76.6	skewed
320902	TRiXi1	68.3	skewed
320902	TRiXi2	80.3	skewed
320902	TRiXi3	77.6	skewed
320902	TRiXi4	80.1	skewed
321022	mean	82.4	extremely skewed
321022	TRiXi1	84.3	extremely skewed
321022	TRiXi2	85.6	extremely skewed
321025	mean	67	mosaic
321025	TRiXi1	66.1	mosaic
321025	TRiXi2	62	mosaic
321025	TRiXi3	65.3	mosaic
321025	TRiXi4	63	mosaic
321025	TRiXi5	78.6	mosaic
321051	mean	61.9	mosaic
321051	TRiXi1	70.4	mosaic
321051	TRiXi2	52.1	mosaic
321051	TRiXi3	62.5	mosaic
321051	TRiXi4	64.7	mosaic
321051	TRiXi5	59.9	mosaic
321053	mean	55.1	mosaic
321053	TRiXi1	51.8	mosaic
321053	TRiXi3	50	mosaic
321053	TRiXi4	55.7	mosaic
321053	TRiXi5	62.9	mosaic
321063	mean	55.4	mosaic
321063	TRiXi1	53.1	mosaic
321063	TRiXi2	63.8	mosaic
321063	TRiXi3	54.4	mosaic
321063	TRiXi4	50.1	mosaic
321094	mean	52.3	mosaic
321094	TRiXi1	52.8	mosaic
321094	TRiXi4	51.4	mosaic
321094	TRiXi5	52.7	mosaic
321433	mean	59.6	mosaic
321433	TRiXi1	63.8	mosaic
321433	TRiXi3	61.1	mosaic
321433	TRiXi5	53.9	mosaic
321453	mean	77.6	skewed
321453	TRiXi1	77.6	skewed
321465	mean	66.6	mosaic
321465	TRiXi1	69.9	mosaic
321465	TRiXi2	51.4	mosaic
321465	TRiXi3	65.4	mosaic
321465	TRiXi4	73.6	mosaic
321465	TRiXi5	72.5	mosaic
321467	mean	60	mosaic
321467	TRiXi1	65.8	mosaic
321467	TRiXi3	54.2	mosaic
321469	mean	69.1	mosaic
321469	TRiXi1	72.3	mosaic
321469	TRiXi4	53.7	mosaic
321469	TRiXi5	81.4	mosaic
321478	mean	68.2	mosaic
321478	TRiXi1	54.4	mosaic
321478	TRiXi2	82	mosaic
321478	TRiXi3	58.7	mosaic
321478	TRiXi4	68.5	mosaic
321478	TRiXi5	77.6	mosaic
321482	mean	55.7	mosaic
321482	TRiXi3	55.7	mosaic
321834	mean	70.2	mosaic
321834	TRiXi3	70.2	mosaic
321841	mean	74.3	skewed
321841	TRiXi1	85.5	skewed
321841	TRiXi2	56.7	skewed
321852	mean	63.5	mosaic
321852	TRiXi1	74.7	mosaic
321852	TRiXi2	51	mosaic
321852	TRiXi3	68.7	mosaic
321852	TRiXi4	59.8	mosaic
321883	mean	53.4	mosaic
321883	TRiXi1	53.2	mosaic
321883	TRiXi3	56.2	mosaic
321883	TRiXi4	53.4	mosaic
321883	TRiXi5	50.9	mosaic
321890	mean	64.2	mosaic
321890	TRiXi1	69.8	mosaic
321890	TRiXi3	55.4	mosaic
321890	TRiXi4	67.5	mosaic
321892	mean	58.9	mosaic
321892	TRiXi1	58.9	mosaic
321922	mean	64.5	mosaic
321922	TRiXi1	61.2	mosaic
321922	TRiXi3	64.4	mosaic
321922	TRiXi5	68	mosaic
321932	mean	58.1	mosaic
321932	TRiXi1	55.6	mosaic
321932	TRiXi3	54.4	mosaic
321932	TRiXi4	64.4	mosaic
321945	mean	58.7	mosaic
321945	TRiXi1	64.8	mosaic
321945	TRiXi2	55	mosaic
321945	TRiXi3	50.9	mosaic
321945	TRiXi4	57.1	mosaic
321945	TRiXi5	65.5	mosaic
321954	mean	55.9	mosaic
321954	TRiXi1	56.1	mosaic
321954	TRiXi2	57.5	mosaic
321954	TRiXi4	55.4	mosaic
321954	TRiXi5	54.5	mosaic
321957	mean	61.7	mosaic
321957	TRiXi2	50	mosaic
321957	TRiXi3	68.8	mosaic
321957	TRiXi4	66.3	mosaic
321966	mean	61.7	mosaic
321966	TRiXi1	62.7	mosaic
321966	TRiXi2	68.6	mosaic
321966	TRiXi3	58.7	mosaic
321966	TRiXi4	61.9	mosaic
321966	TRiXi5	56.7	mosaic
321967	mean	68	mosaic
321967	TRiXi1	67.9	mosaic
321967	TRiXi2	65.4	mosaic
321967	TRiXi5	70.6	mosaic
321976	mean	73.3	skewed
321976	TRiXi1	76.3	skewed
321976	TRiXi2	70.1	skewed
321976	TRiXi3	73.4	skewed
321977	mean	55	mosaic
321977	TRiXi1	62.3	mosaic
321977	TRiXi2	51.5	mosaic
321977	TRiXi3	51.3	mosaic
321984	mean	54.5	mosaic
321984	TRiXi1	51.5	mosaic
321984	TRiXi2	61.1	mosaic
321984	TRiXi3	50.1	mosaic
321984	TRiXi4	55.1	mosaic
321987	mean	53.4	mosaic
321987	TRiXi1	60.4	mosaic
321987	TRiXi2	50.3	mosaic
321987	TRiXi3	52.9	mosaic
321987	TRiXi4	50	mosaic
321992	mean	63.6	mosaic
321992	TRiXi1	65.6	mosaic
321992	TRiXi2	59.1	mosaic
321992	TRiXi3	71.3	mosaic
321992	TRiXi4	59.3	mosaic
321992	TRiXi5	62.6	mosaic
321994	mean	75.8	skewed
321994	TRiXi1	74.5	skewed
321994	TRiXi3	70.4	skewed
321994	TRiXi5	82.5	skewed
321996	mean	52	mosaic
321996	TRiXi1	54	mosaic
321996	TRiXi3	50	mosaic
322012	mean	75.3	skewed
322012	TRiXi1	71.6	skewed
322012	TRiXi3	79.2	skewed
322012	TRiXi4	74.6	skewed
322012	TRiXi5	75.9	skewed
322039	mean	71.1	skewed
322039	TRiXi1	63.2	skewed
322039	TRiXi2	76.3	skewed
322039	TRiXi3	73.8	skewed
322041	mean	65	mosaic
322041	TRiXi1	65	mosaic
322043	mean	70.8	mosaic
322043	TRiXi1	65.3	mosaic
322043	TRiXi3	76.4	mosaic
322053	mean	79.1	skewed
322053	TRiXi1	79.4	skewed
322053	TRiXi3	78.8	skewed
322068	mean	57.7	mosaic
322068	TRiXi3	57.7	mosaic
322082	mean	59.8	mosaic
322082	TRiXi1	69.7	mosaic
322082	TRiXi2	63.9	mosaic
322082	TRiXi3	50.8	mosaic
322082	TRiXi5	54.7	mosaic
322327	mean	57.2	mosaic
322327	TRiXi1	56.4	mosaic
322327	TRiXi3	58	mosaic
322347	mean	59.5	mosaic
322347	TRiXi3	59.5	mosaic
322354	mean	69.3	mosaic
322354	TRiXi1	63.2	mosaic
322354	TRiXi3	75.4	mosaic
322365	mean	55.7	mosaic
322365	TRiXi3	55.7	mosaic
322384	mean	62.5	mosaic
322384	TRiXi1	69.3	mosaic
322384	TRiXi3	55.6	mosaic
322394	mean	63.9	mosaic
322394	TRiXi1	72.4	mosaic
322394	TRiXi2	56.6	mosaic
322394	TRiXi3	62.8	mosaic
322411	mean	60.2	mosaic
322411	TRiXi1	63.5	mosaic
322411	TRiXi3	56.9	mosaic
322421	mean	85	extremely skewed
322421	TRiXi1	86.7	extremely skewed
322421	TRiXi4	81.9	extremely skewed
322421	TRiXi5	86.4	extremely skewed
322464	mean	71.7	skewed
322464	TRiXi1	67.8	skewed
322464	TRiXi3	70.4	skewed
322464	TRiXi4	66.6	skewed
322464	TRiXi5	82	skewed
322468	mean	51.3	mosaic
322468	TRiXi1	50.4	mosaic
322468	TRiXi3	51.2	mosaic
322468	TRiXi4	51.6	mosaic
322468	TRiXi5	52.1	mosaic
322620	mean	55.8	mosaic
322620	TRiXi1	56.1	mosaic
322620	TRiXi2	61.9	mosaic
322620	TRiXi3	50.7	mosaic
322620	TRiXi4	56.1	mosaic
322620	TRiXi5	54.1	mosaic
322646	mean	82.8	extremely skewed
322646	TRiXi3	82.9	extremely skewed
322646	TRiXi5	82.6	extremely skewed
322671	mean	54.8	mosaic
322671	TRiXi1	57.6	mosaic
322671	TRiXi2	51.4	mosaic
322671	TRiXi3	60.9	mosaic
322671	TRiXi4	53.9	mosaic
322671	TRiXi5	50.3	mosaic
322730	mean	59.9	mosaic
322730	TRiXi1	54.8	mosaic
322730	TRiXi2	73	mosaic
322730	TRiXi3	50.5	mosaic
322730	TRiXi4	57.6	mosaic
322730	TRiXi5	63.6	mosaic
322731	mean	53.9	mosaic
322731	TRiXi1	56.8	mosaic
322731	TRiXi3	50.1	mosaic
322731	TRiXi4	56.3	mosaic
322731	TRiXi5	52.3	mosaic
322738	mean	55.8	mosaic
322738	TRiXi1	55.2	mosaic
322738	TRiXi2	59.7	mosaic
322738	TRiXi3	57.2	mosaic
322738	TRiXi4	51.1	mosaic
322755	mean	70.6	mosaic
322755	TRiXi3	70.6	mosaic
322757	mean	55.5	mosaic
322757	TRiXi1	54	mosaic
322757	TRiXi3	57.1	mosaic
322779	mean	55.3	mosaic
322779	TRiXi3	55.3	mosaic
322784	mean	68.8	mosaic
322784	TRiXi1	68	mosaic
322784	TRiXi3	66.5	mosaic
322784	TRiXi4	72.3	mosaic
322784	TRiXi5	68.2	mosaic
322828	mean	63.9	mosaic
322828	TRiXi1	58.9	mosaic
322828	TRiXi3	66.9	mosaic
322828	TRiXi5	65.8	mosaic
322829	mean	84.6	extremely skewed
322829	TRiXi2	70	extremely skewed
322829	TRiXi3	85.7	extremely skewed
322829	TRiXi4	88.2	extremely skewed
322829	TRiXi5	94.5	extremely skewed
322835	mean	58.9	mosaic
322835	TRiXi2	55.3	mosaic
322835	TRiXi3	57	mosaic
322835	TRiXi4	64.3	mosaic
322835	TRiXi5	58.9	mosaic
322860	mean	57.6	mosaic
322860	TRiXi1	60.8	mosaic
322860	TRiXi2	65	mosaic
322860	TRiXi3	52.5	mosaic
322860	TRiXi4	56.5	mosaic
322860	TRiXi5	53.1	mosaic
322892	mean	54.8	mosaic
322892	TRiXi1	53.6	mosaic
322892	TRiXi2	58.5	mosaic
322892	TRiXi3	52.9	mosaic
322892	TRiXi4	54.1	mosaic
322910	mean	64.4	mosaic
322910	TRiXi1	70.7	mosaic
322910	TRiXi2	75.4	mosaic
322910	TRiXi3	60.9	mosaic
322910	TRiXi4	50.5	mosaic
322920	mean	56.4	mosaic
322920	TRiXi3	56.4	mosaic
322960	mean	51.6	mosaic
322960	TRiXi1	52.8	mosaic
322960	TRiXi3	50.5	mosaic
322978	mean	55.2	mosaic
322978	TRiXi4	52.3	mosaic
322978	TRiXi5	60.4	mosaic
323211	mean	65.7	mosaic
323211	TRiXi1	70.6	mosaic
323211	TRiXi3	60.7	mosaic
323213	mean	75.9	skewed
323213	TRiXi1	73.3	skewed
323213	TRiXi2	79.7	skewed
323213	TRiXi5	84.1	skewed
323221	mean	65.2	mosaic
323221	TRiXi1	65.2	mosaic
323236	mean	74.2	skewed
323236	TRiXi1	75.4	skewed
323236	TRiXi3	73	skewed
323240	mean	60	mosaic
323240	TRiXi1	58.1	mosaic
323240	TRiXi3	61.8	mosaic
323252	mean	57.2	mosaic
323252	TRiXi3	57.2	mosaic
323259	mean	69.5	mosaic
323259	TRiXi1	58.9	mosaic
323259	TRiXi2	78.7	mosaic
323259	TRiXi4	70.9	mosaic
323266	mean	74.7	skewed
323266	TRiXi5	74.7	skewed
323285	mean	58.6	mosaic
323285	TRiXi1	66.9	mosaic
323285	TRiXi3	50.3	mosaic
323286	mean	60.8	mosaic
323286	TRiXi1	57	mosaic
323286	TRiXi2	64.6	mosaic
323296	mean	62.7	mosaic
323296	TRiXi1	63.5	mosaic
323296	TRiXi3	64.5	mosaic
323296	TRiXi4	60.1	mosaic
323313	mean	73.5	skewed
323313	TRiXi1	69.1	skewed
323313	TRiXi5	76.3	skewed
323315	mean	80.5	extremely skewed
323315	TRiXi1	78.2	extremely skewed
323315	TRiXi2	83.5	extremely skewed
323315	TRiXi5	79.8	extremely skewed
323317	mean	84.3	extremely skewed
323317	TRiXi1	84.3	extremely skewed
323327	mean	57.7	mosaic
323327	TRiXi1	61.1	mosaic
323327	TRiXi2	58.3	mosaic
323327	TRiXi3	51.2	mosaic
323327	TRiXi4	60.1	mosaic
323333	mean	69	mosaic
323333	TRiXi1	73.1	mosaic
323333	TRiXi3	64.9	mosaic
323356	mean	70.6	mosaic
323356	TRiXi1	69.7	mosaic
323356	TRiXi3	71.4	mosaic
323361	mean	70.2	mosaic
323361	TRiXi1	73.7	mosaic
323361	TRiXi2	58.9	mosaic
323361	TRiXi4	73.1	mosaic
323361	TRiXi5	75.2	mosaic
323952	mean	53.9	mosaic
323952	TRiXi1	53.7	mosaic
323952	TRiXi2	57.5	mosaic
323952	TRiXi3	50.3	mosaic
323952	TRiXi4	55.6	mosaic
323952	TRiXi5	52.3	mosaic
323955	mean	68.1	mosaic
323955	TRiXi1	64.8	mosaic
323955	TRiXi4	59.5	mosaic
323955	TRiXi5	80.1	mosaic
323984	mean	64	mosaic
323984	TRiXi1	54.6	mosaic
323984	TRiXi2	67.7	mosaic
323984	TRiXi3	62.4	mosaic
323984	TRiXi4	71.2	mosaic
323987	mean	60.2	mosaic
323987	TRiXi1	60.2	mosaic
324002	mean	61.7	mosaic
324002	TRiXi1	61.2	mosaic
324002	TRiXi3	62.2	mosaic
324003	mean	63.6	mosaic
324003	TRiXi3	67.1	mosaic
324003	TRiXi5	60.4	mosaic
324010	mean	70.3	mosaic
324010	TRiXi1	62.2	mosaic
324010	TRiXi2	71.3	mosaic
324010	TRiXi3	69.2	mosaic
324010	TRiXi4	78.7	mosaic
324044	mean	53.3	mosaic
324044	TRiXi1	53.3	mosaic
324048	mean	61	mosaic
324048	TRiXi1	63.9	mosaic
324048	TRiXi3	59.2	mosaic
324048	TRiXi5	59.8	mosaic
324062	mean	79.7	skewed
324062	TRiXi1	79.7	skewed
324064	mean	64.3	mosaic
324064	TRiXi1	64.3	mosaic
324066	mean	70.6	mosaic
324066	TRiXi1	78.4	mosaic
324066	TRiXi3	62	mosaic
324066	TRiXi4	67.2	mosaic
324066	TRiXi5	74.7	mosaic
324074	mean	61.3	mosaic
324074	TRiXi1	62.9	mosaic
324074	TRiXi2	60.1	mosaic
324074	TRiXi3	65.9	mosaic
324074	TRiXi5	56.3	mosaic
324093	mean	58.5	mosaic
324093	TRiXi1	55.1	mosaic
324093	TRiXi2	61.7	mosaic
324093	TRiXi3	56.1	mosaic
324093	TRiXi5	60.2	mosaic
324122	mean	62.9	mosaic
324122	TRiXi1	58.4	mosaic
324122	TRiXi2	56.5	mosaic
324122	TRiXi3	61.5	mosaic
324122	TRiXi4	68.9	mosaic
324122	TRiXi5	69.1	mosaic
324126	mean	66.2	mosaic
324126	TRiXi1	60.4	mosaic
324126	TRiXi2	75.9	mosaic
324126	TRiXi3	66.4	mosaic
324126	TRiXi4	64	mosaic
324126	TRiXi5	64.5	mosaic
324147	mean	53	mosaic
324147	TRiXi2	58.4	mosaic
324147	TRiXi3	50.5	mosaic
324147	TRiXi4	50.1	mosaic
324188	mean	78.8	skewed
324188	TRiXi1	78.8	skewed
324192	mean	66.3	mosaic
324192	TRiXi1	57.1	mosaic
324192	TRiXi2	65.4	mosaic
324192	TRiXi3	65.4	mosaic
324192	TRiXi4	68.5	mosaic
324192	TRiXi5	74.9	mosaic
324193	mean	53	mosaic
324193	TRiXi1	53.7	mosaic
324193	TRiXi3	52.3	mosaic
324194	mean	55.7	mosaic
324194	TRiXi1	51.3	mosaic
324194	TRiXi3	60.1	mosaic
324196	mean	68.3	skewed
324196	TRiXi3	70.5	skewed
324196	TRiXi4	67.8	skewed
324196	TRiXi5	81.6	skewed
324215	mean	58.3	mosaic
324215	TRiXi2	58.7	mosaic
324215	TRiXi3	62.4	mosaic
324215	TRiXi4	53.8	mosaic
324222	mean	52	mosaic
324222	TRiXi1	52.1	mosaic
324222	TRiXi3	51.9	mosaic
324228	mean	59.1	mosaic
324228	TRiXi1	52.5	mosaic
324228	TRiXi2	65.8	mosaic
324249	mean	78.1	skewed
324249	TRiXi3	78.1	skewed
324251	mean	57.5	mosaic
324251	TRiXi1	55.8	mosaic
324251	TRiXi3	59.1	mosaic
324408	mean	62.3	mosaic
324408	TRiXi1	70.7	mosaic
324408	TRiXi2	54.6	mosaic
324408	TRiXi3	61.7	mosaic
324408	TRiXi4	60.8	mosaic
324408	TRiXi5	63.7	mosaic
324415	mean	53.7	mosaic
324415	TRiXi1	55.9	mosaic
324415	TRiXi3	54.4	mosaic
324415	TRiXi4	51.7	mosaic
324415	TRiXi5	52.9	mosaic
324416	mean	61.4	mosaic
324416	TRiXi1	58.9	mosaic
324416	TRiXi2	58.9	mosaic
324416	TRiXi3	61.3	mosaic
324416	TRiXi4	56.9	mosaic
324416	TRiXi5	70.9	mosaic
324420	mean	64.6	mosaic
324420	TRiXi1	70.8	mosaic
324420	TRiXi2	58.9	mosaic
324420	TRiXi4	60.2	mosaic
324420	TRiXi5	70.8	mosaic
324421	mean	55	mosaic
324421	TRiXi1	55	mosaic
324431	mean	56.1	mosaic
324431	TRiXi1	58.7	mosaic
324431	TRiXi3	53.5	mosaic
324434	mean	86.6	extremely skewed
324434	TRiXi1	86.6	extremely skewed
324643	mean	69.2	mosaic
324643	TRiXi1	69.2	mosaic
324645	mean	56.7	mosaic
324645	TRiXi1	54.7	mosaic
324645	TRiXi2	62.6	mosaic
324645	TRiXi3	53.1	mosaic
324645	TRiXi4	50.7	mosaic
324645	TRiXi5	62.2	mosaic
324655	mean	82.2	extremely skewed
324655	TRiXi1	75	extremely skewed
324655	TRiXi2	88.3	extremely skewed
324655	TRiXi5	82.6	extremely skewed
324657	mean	67.8	mosaic
324657	TRiXi1	64.6	mosaic
324657	TRiXi2	72.7	mosaic
324657	TRiXi3	65.2	mosaic
324657	TRiXi5	68.7	mosaic
324664	mean	58.7	mosaic
324664	TRiXi1	57.4	mosaic
324664	TRiXi5	60	mosaic
324681	mean	56	mosaic
324681	TRiXi1	52.9	mosaic
324681	TRiXi2	58.3	mosaic
324681	TRiXi5	56	mosaic
821022	mean	81.5	extremely skewed
821022	TRiXi1	80.9	extremely skewed
821022	TRiXi2	85.9	extremely skewed
821022	TRiXi3	77.8	extremely skewed
